Country Name,Country Code,Indicator Name,Indicator Code,1984,1985,1986,1987,1988,1989,1990,1991,1992,1993,1994,1995,1996,1997,1998,1999,2000,2001,2002,2003,2004,2005,2006,2007,2008,2009,2010,2011,2012,2013,2014,2015,2016,2017,2018
Aruba,ABW,Births attended by skilled health staff (% of total),SH.STA.BRTC.ZS,,,,,,,,,,,,,,,,,,,96,,,,,,,,,,,,,,,,
Afghanistan,AFG,Births attended by skilled health staff (% of total),SH.STA.BRTC.ZS,,,,,,,,,,,,,,,,,12.4,,,14.3,,,18.9,,24,,34.3,38.6,39.9,,45.2,50.5,,,
Angola,AGO,Births attended by skilled health staff (% of total),SH.STA.BRTC.ZS,,,,,,,,,,,,,22.5,,,,,44.7,,,,,,46.7,,,,,,,,,49.6,,
Albania,ALB,Births attended by skilled health staff (% of total),SH.STA.BRTC.ZS,,,,,,92.7,93,92.6,86.4,87.2,89.1,89.1,91.2,98.8,99.1,99,99.1,99,98,98.8,99.3,99.8,99,,,99.3,,,,,,,,,99.8
Andorra,AND,Births attended by skilled health staff (% of total),SH.STA.BRTC.ZS,,,,,,,,,,,,,,,,,,,,,,,,,,,,,,,,,,,
Arab World,ARB,Births attended by skilled health staff (% of total),SH.STA.BRTC.ZS,,,,,,,51.78266228,,,,,,,,,,70.12441783,,,,,,,,,,,,,,82.75750463,,,,
United Arab Emirates,ARE,Births attended by skilled health staff (% of total),SH.STA.BRTC.ZS,,,,,,,99.1,,,,,99.2,,,,,,,,100,100,,,,100,,,,,99.9,99.9,99.9,,,
Argentina,ARG,Births attended by skilled health staff (% of total),SH.STA.BRTC.ZS,,,,,,,96.9,,95.8,,,98.5,,97.2,97.5,97.5,99.1,98.4,98.9,98.7,99.1,99.1,99.4,99.4,94.8,97.9,94.97,97.14,98.2,97.04,99.6,99.6,,,
Armenia,ARM,Births attended by skilled health staff (% of total),SH.STA.BRTC.ZS,,,,,,99.7,99.7,99.7,98.3,95.5,93.3,93.1,95.7,96.4,97.4,98.8,96.8,98.4,98.8,99.2,99.5,97.8,99.7,99.9,99.9,100,99.5,100,100,100,100,,99.8,,
American Samoa,ASM,Births attended by skilled health staff (% of total),SH.STA.BRTC.ZS,,,,,,,,,,,,,,,,,,,100,,,,,,,,,,,,,,,,
Antigua and Barbuda,ATG,Births attended by skilled health staff (% of total),SH.STA.BRTC.ZS,,,,,,,,,,,,100,100,,100,,99.9,100,99,99,100,99.9,99.9,100,100,100,100,,100,100,100,,,,
Australia,AUS,Births attended by skilled health staff (% of total),SH.STA.BRTC.ZS,,,,,,,,100,99.3,99.3,99.4,99.3,99.3,99.3,99.3,99.3,99.3,99.3,99.3,99.3,99.3,99.4,99.3,99.2,99.1,99.1,99.1,99.1,,99.3,99.7,99.7,,,
Austria,AUT,Births attended by skilled health staff (% of total),SH.STA.BRTC.ZS,,,,,,,,,,100,,,98.2,98.2,98.3,98.3,98.3,98.3,98.4,98.4,98.4,98.6,98.6,98.5,98.6,98.6,98.5,98.6,98.5,98.5,98.5,98.5,98.4,,
Azerbaijan,AZE,Births attended by skilled health staff (% of total),SH.STA.BRTC.ZS,,,,,,97.3,97.3,97.2,96.5,96.3,99.6,91.5,87.9,90.4,91.5,92.4,84.1,94,94,95.8,95.9,94.4,88.6,93,98,99.8,99.4,97.2,99.8,99.9,99.9,99.8,99.8,,
Burundi,BDI,Births attended by skilled health staff (% of total),SH.STA.BRTC.ZS,,,,19.1,,,,,,,,,,,,,25.2,,,,,31.8,,,,,60.3,,78.4,,,,,85.1,
Belgium,BEL,Births attended by skilled health staff (% of total),SH.STA.BRTC.ZS,,,,100,,,,,,,,,,,,99.3,,,,,,,,,,,,,,,,,,,
Benin,BEN,Births attended by skilled health staff (% of total),SH.STA.BRTC.ZS,,,,,,,,,,,,,59.8,,,,,65.5,,,,75,74,,,,,,80.9,,77.2,,,,78.1
Burkina Faso,BFA,Births attended by skilled health staff (% of total),SH.STA.BRTC.ZS,,,,,,,,,,41.5,,,,,,31,,,,37.8,,,53.5,,,,65.9,,,,,79.8,,,
Bangladesh,BGD,Births attended by skilled health staff (% of total),SH.STA.BRTC.ZS,,,,,,,,,,,9.5,,,8,,,12.1,12,,13.9,13.2,,20.1,18,,24.4,26.5,31.7,,43.5,42.1,,49.8,,
Bulgaria,BGR,Births attended by skilled health staff (% of total),SH.STA.BRTC.ZS,,,,,,99.3,99.1,99.5,99.8,99,99,98.9,99.9,99.9,99.9,99,99.8,98.9,99.2,99.2,99.4,99.4,99.4,99.6,99.6,99.6,99.5,,,99.7,99.7,99.8,,,
Bahrain,BHR,Births attended by skilled health staff (% of total),SH.STA.BRTC.ZS,,,,,,,,,,,,97.6,,,,,97.7,97.5,97.6,97.8,99.4,100,97.5,97.4,97.5,99.4,99.3,99.6,99.8,99.8,99.8,99.7,,,
"Bahamas, The",BHS,Births attended by skilled health staff (% of total),SH.STA.BRTC.ZS,,,,,,,99,,,,,99,,99,99,99,99,,99,99,98,,99,99,99,,99,99,,98,99.6,,,,
Bosnia and Herzegovina,BIH,Births attended by skilled health staff (% of total),SH.STA.BRTC.ZS,,,,,,96.6,97,97.4,,,,,98.9,99.05,99.45,99.65,98.9,99.8,99.8,99.9,99.9,99.9,99.4,99.9,99.9,99.9,99.9,99.9,99.9,,99.9,99.9,,,
Belarus,BLR,Births attended by skilled health staff (% of total),SH.STA.BRTC.ZS,,,100,,,99.9,99.9,99.9,99.9,99.9,99.9,99.9,99.9,99.9,99.9,99.9,99.9,99.9,99.9,99.9,99.9,100,99.9,99.9,99.9,99.9,99.9,99.8,100,99.8,99.8,,,,
Belize,BLZ,Births attended by skilled health staff (% of total),SH.STA.BRTC.ZS,,,,,,,,76.9,,,,79,,,79,83.8,100,,97,,87.8,89.3,94.2,94.6,94.9,93.5,94.3,95.1,,94.2,,,96.8,,
Bermuda,BMU,Births attended by skilled health staff (% of total),SH.STA.BRTC.ZS,,,,,,,,,,,,,,,,,,,,,,,,,,,,,,,,,,,
Bolivia,BOL,Births attended by skilled health staff (% of total),SH.STA.BRTC.ZS,,,,,,42.6,,,,,47.2,,,,59.3,,67.3,,65.1,60.8,,,,,71.1,,,84.04,84.8,,,,89.8,,
Brazil,BRA,Births attended by skilled health staff (% of total),SH.STA.BRTC.ZS,,,,,,,,69.5,,,,,87.6,98.6,98.6,98.6,98.6,98.3,98.5,98.4,98.6,98.6,97,98.6,98.8,98.9,98.9,99,99,99.1,99.1,99.2,,,
Barbados,BRB,Births attended by skilled health staff (% of total),SH.STA.BRTC.ZS,,,,,,,,,,,,100,,,,91,98,,100,100,100,100,100,100,100,,,100,98.9,98.6,99.7,99,,,
Brunei Darussalam,BRN,Births attended by skilled health staff (% of total),SH.STA.BRTC.ZS,,,,,,,,97.8,98,97.8,98.2,98.6,98.9,99.6,99.3,99.4,99.5,99.7,99.6,99.6,99.6,99.7,99.7,99.9,99.7,99.9,99.8,99.7,99.8,99.7,99.9,100,100,,
Bhutan,BTN,Births attended by skilled health staff (% of total),SH.STA.BRTC.ZS,,,,,,,,,,,12,,,,,,23.7,,,56.1,,52.3,57.1,53.6,66.3,66,64.5,70,74.6,89,89,89,89,,
Botswana,BWA,Births attended by skilled health staff (% of total),SH.STA.BRTC.ZS,,,,,77.5,,,,,,,,87,,,,98.5,92,96.5,96.1,97.3,94,99.3,94.6,98.3,99.5,99.1,99.8,99.8,99.9,99.5,99.7,,,
Central African Republic,CAF,Births attended by skilled health staff (% of total),SH.STA.BRTC.ZS,,,,,,,,,,,,45.9,,,,,31.7,,,,,,41.4,,43.7,43.7,40,,,,,,,,
Canada,CAN,Births attended by skilled health staff (% of total),SH.STA.BRTC.ZS,,,,100,,,,99.1,99.6,99.4,99.3,98,99.2,99.3,99.3,99.2,99.3,99.3,99.3,98.9,99,98.8,98.8,100,98.7,98.6,98.5,99.9,98.1,98,97.9,,,,
Central Europe and the Baltics,CEB,Births attended by skilled health staff (% of total),SH.STA.BRTC.ZS,,,,,,,99.67443184,,,,,,,,,,99.62993577,,,,,,,,,,,,,,98.79133968,,,,
Switzerland,CHE,Births attended by skilled health staff (% of total),SH.STA.BRTC.ZS,,,,,,,,,,,,,,,,,,,,,,,100,,,,,,,,,,,,
Channel Islands,CHI,Births attended by skilled health staff (% of total),SH.STA.BRTC.ZS,,,,,,,,,,,,,,,,,,,,,,,,,,,,,,,,,,,
Chile,CHL,Births attended by skilled health staff (% of total),SH.STA.BRTC.ZS,,,,,,,,,,99.4,99.5,99.5,99.6,99.4,99.6,99.4,99,99.8,99.8,97.7,99.8,99.8,99.8,99.7,99.85,99.8,99.83,99.85,99.83,99.8,99.75,99.7,,,
China,CHN,Births attended by skilled health staff (% of total),SH.STA.BRTC.ZS,,,,,,,94,93.7,84.1,83.6,90.4,89.3,93.1,93.8,,96.8,96.6,97.3,96.7,95.9,97.3,97.5,97.8,98.4,99.1,99.3,99.6,99.7,99.8,99.9,99.9,99.9,,,
Cote d'Ivoire,CIV,Births attended by skilled health staff (% of total),SH.STA.BRTC.ZS,,,,,,,,,,,45.4,,,,,47.1,62.8,,,,68,55.1,56.8,,,,,,59.4,,,,73.6,,
Cameroon,CMR,Births attended by skilled health staff (% of total),SH.STA.BRTC.ZS,,,,,,,,58.4,,,,,,,55,,56.1,,,,58.9,,45.9,,,,,56.1,,,64.7,,,,
"Congo, Dem. Rep.",COD,Births attended by skilled health staff (% of total),SH.STA.BRTC.ZS,,,,,,,,,,,,,,,,,,60.7,,,,,,64.4,,,74.2,,,,80.1,,,,
"Congo, Rep.",COG,Births attended by skilled health staff (% of total),SH.STA.BRTC.ZS,,,,,,,,,,,,,,,,,,,,,,83.4,,,,,,,92.5,,,94.4,,,
Colombia,COL,Births attended by skilled health staff (% of total),SH.STA.BRTC.ZS,,,71.1,,,,80.6,,,,,83.6,,,91.3,92.1,86.1,93.1,94.5,95,95.6,90.7,97.1,97.8,98.1,98.6,99.1,99.2,98.7,98.7,98.9,95.5,99.2,,
Comoros,COM,Births attended by skilled health staff (% of total),SH.STA.BRTC.ZS,,,,,,,,,,,,,51.6,,,,61.8,,,,,,,,,,,,82.2,,,,,,
Cabo Verde,CPV,Births attended by skilled health staff (% of total),SH.STA.BRTC.ZS,,,,,,,,,,,,54,,,88.5,,,,,,,77.5,76.4,74.4,74.6,75.6,98.5,98.7,,92.3,95.6,91.4,,,
Costa Rica,CRI,Births attended by skilled health staff (% of total),SH.STA.BRTC.ZS,,,97,,,,,,98,97,,,,,98,98.2,96.6,98,98.5,98.2,98.5,98.5,98.6,98.7,99.1,99.1,95.3,98.4,98.9,97,99.11,90,,,
Caribbean small states,CSS,Births attended by skilled health staff (% of total),SH.STA.BRTC.ZS,,,,,,,,,,,,,,,,,91.80611808,,,,,,,,,,,,,,95.70199461,,,,
Cuba,CUB,Births attended by skilled health staff (% of total),SH.STA.BRTC.ZS,,,,,,,99.8,99.8,99.8,99.8,99.8,99.8,99.8,99.9,99.9,99.9,99.9,99.9,99.9,99.9,99.9,99.9,99.9,99.9,99.9,99.9,99.9,99.9,99.9,99.9,99.4,99.9,99.9,,
Curacao,CUW,Births attended by skilled health staff (% of total),SH.STA.BRTC.ZS,,,,,,,,,,,,,,,,,,,,,,,,,,,,,,,,,,,
Cayman Islands,CYM,Births attended by skilled health staff (% of total),SH.STA.BRTC.ZS,,,,,,,,,,,,,,,,,,,,,,100,,,,,,,,,,,,,
Cyprus,CYP,Births attended by skilled health staff (% of total),SH.STA.BRTC.ZS,,,,,,,100,100,100,100,100,100,100,100,100,100,97.9,,,99,95.7,99.3,98.5,98.3,97.2,98.3,98.6,98.3,98.7,99.9,97.4,,,,
Czech Republic,CZE,Births attended by skilled health staff (% of total),SH.STA.BRTC.ZS,,,,,,100,100,100,100,100,100,100,100,100,99.9,99.9,99.9,99.9,99.9,99.9,99.9,99.9,99.9,99.9,99.9,99.6,99.9,99.9,99.9,99.8,,,,,
Germany,DEU,Births attended by skilled health staff (% of total),SH.STA.BRTC.ZS,,,100,,,,,,,,,,,,,98.7,98.6,98.6,98.6,98.6,98.2,98.2,98.4,98.4,98.5,98.3,98.3,98.3,98.5,98.5,98.5,98.7,,,
Djibouti,DJI,Births attended by skilled health staff (% of total),SH.STA.BRTC.ZS,,,,,,,,,,,,,,,,,,,,60.6,,,78.4,,,,,,87.4,,,,,,
Dominica,DMA,Births attended by skilled health staff (% of total),SH.STA.BRTC.ZS,,,,,,,,,,,,100,,,95,99.9,100,100,100,100,100,99,,94,100,100,,100,100,100,100,96,96,,
Denmark,DNK,Births attended by skilled health staff (% of total),SH.STA.BRTC.ZS,,,,100,,,,,,,,,,98.3,98.8,98.7,98.8,98.9,98.8,98.9,98.6,98.8,98.7,97.8,,98.7,98.5,98.5,98.2,96.3,95.9,95.4,94.4,,
Dominican Republic,DOM,Births attended by skilled health staff (% of total),SH.STA.BRTC.ZS,,,89.8,,,,,92.4,,,,,95.5,,,96.6,97.6,,97.8,,,,95.5,97.8,,,96.9,98.7,98.8,98.6,97.6,99.6,,,
Algeria,DZA,Births attended by skilled health staff (% of total),SH.STA.BRTC.ZS,,,,,,,,,76.5,,,,,,,,92,,95.9,,,,95.2,,,,,,96.6,96.6,,,,,
East Asia & Pacific (excluding high income),EAP,Births attended by skilled health staff (% of total),SH.STA.BRTC.ZS,,,,,,,83.97187166,,,,,,,,,,84.18265966,,,,,,,,,,,,,,95.1693727,,,,
Early-demographic dividend,EAR,Births attended by skilled health staff (% of total),SH.STA.BRTC.ZS,,,,,,,,,,,,,,,,,48.76672791,,,,,,,,,,,,,,79.44531953,,,,
East Asia & Pacific,EAS,Births attended by skilled health staff (% of total),SH.STA.BRTC.ZS,,,,,,,84.99436099,,,,,,,,,,85.24551285,,,,,,,,,,,,,,95.44887317,,,,
Europe & Central Asia (excluding high income),ECA,Births attended by skilled health staff (% of total),SH.STA.BRTC.ZS,,,,,,,98.58525522,,,,,,,,,,92.12990743,,,,,,,,,,,,,,98.88080185,,,,
Europe & Central Asia,ECS,Births attended by skilled health staff (% of total),SH.STA.BRTC.ZS,,,,,,,,,,,,,,,,,95.46931197,,,,,,,,,,,,,,98.83445432,,,,
Ecuador,ECU,Births attended by skilled health staff (% of total),SH.STA.BRTC.ZS,,,,61.3,,,,,,,98.7,,,,,99.1,,,,,78.6,80,82.6,84.1,85.8,87.7,89.2,91.1,93.1,94.7,96.3,95,96.7,,
"Egypt, Arab Rep.",EGY,Births attended by skilled health staff (% of total),SH.STA.BRTC.ZS,,,,,34.6,,,36.5,40.7,,,46.3,,56.4,55.2,,60.9,,,69.4,,74.2,,,78.9,,,,,,91.5,,,,
Euro area,EMU,Births attended by skilled health staff (% of total),SH.STA.BRTC.ZS,,,,,,,,,,,,,,,,,99.34790192,,,,,,,,,,,,,,98.59848375,,,,
Eritrea,ERI,Births attended by skilled health staff (% of total),SH.STA.BRTC.ZS,,,,,,,,,,,,20.6,,,,,,,28.3,,,,,,,,34.1,,,,,,,,
Spain,ESP,Births attended by skilled health staff (% of total),SH.STA.BRTC.ZS,,,,,,,,,,,,,,,,,,,,,,,,,,,,,,,,,,,
Estonia,EST,Births attended by skilled health staff (% of total),SH.STA.BRTC.ZS,,,,,,99,,,99,99.1,99.3,99.5,99.6,99.5,99.6,99.6,99.7,99.7,99.6,99.7,99.8,99.8,99.8,99.4,99.3,99.2,99.3,99.4,99.3,99.4,99.4,99.5,99.4,,
Ethiopia,ETH,Births attended by skilled health staff (% of total),SH.STA.BRTC.ZS,,,,,,,,,,,,,,,6.5,,5.6,,,,6.4,5.7,,,,,,10,,23.1,15.5,,27.7,,
European Union,EUU,Births attended by skilled health staff (% of total),SH.STA.BRTC.ZS,,,,,,,,,,,,,,,,,99.33485157,,,,,,,,,,,,,,98.55687936,,,,
Fragile and conflict affected situations,FCS,Births attended by skilled health staff (% of total),SH.STA.BRTC.ZS,,,,,,,,,,,,,,,,,48.00791573,,,,,,,,,,,,,,64.18537494,,,,
Finland,FIN,Births attended by skilled health staff (% of total),SH.STA.BRTC.ZS,,,,,,,98.8,,98.6,98.6,98.5,98.5,98.4,98.4,98.3,98.4,98.4,98.5,99.8,99.8,99.8,99.8,99.8,99.8,99.8,99.8,99.8,99.7,99.8,,99.7,99.9,,,
Fiji,FJI,Births attended by skilled health staff (% of total),SH.STA.BRTC.ZS,,,,,,,95.3,94.5,,97.6,96.2,96.2,96.3,96.2,100,96.4,99,98.4,96.9,96.7,97,97.2,99.3,99,98.8,99.8,99.7,99.6,99.3,99.7,99.7,99.9,,,
France,FRA,Births attended by skilled health staff (% of total),SH.STA.BRTC.ZS,,,,,,,,,,99,,,,,,,,99.6,,,98,97.9,98.3,98.1,98,97.9,97.5,96.2,97.1,98.3,98.3,97.7,97.4,,
Faroe Islands,FRO,Births attended by skilled health staff (% of total),SH.STA.BRTC.ZS,,,,,,,,,,,,,,,,,,,,,,,,,,,,,,,,,,,
"Micronesia, Fed. Sts.",FSM,Births attended by skilled health staff (% of total),SH.STA.BRTC.ZS,,,,,,,,,,,,,,,88,83.8,88.88,85.7,81.6,84.6,,82.7,88,,90,100,,,,,,,,,
Gabon,GAB,Births attended by skilled health staff (% of total),SH.STA.BRTC.ZS,,,,,,,,,,,,,,,,,85.5,,,,,,,,,,,,89.3,,,,,,
United Kingdom,GBR,Births attended by skilled health staff (% of total),SH.STA.BRTC.ZS,,,,,,,,,,,,,,,99,,,,,,,,,,,,,,,,,,,,
Georgia,GEO,Births attended by skilled health staff (% of total),SH.STA.BRTC.ZS,,,,,,94.6,96.6,91.3,91.1,90.8,,,,,96,96.4,95.5,96.6,97.4,97.2,97.5,98.5,98.8,99.4,99.6,99.9,99.6,99.8,99.8,99.9,99.9,99.9,,,
Ghana,GHA,Births attended by skilled health staff (% of total),SH.STA.BRTC.ZS,,,,,40.2,,,,,43.8,,,,,44.3,,,,,47.1,,,49.7,55.2,54.7,,,67.2,,,70.8,,,,
Gibraltar,GIB,Births attended by skilled health staff (% of total),SH.STA.BRTC.ZS,,,,,,,,,,,,,,,,,,,,,,,,,,,,,,,,,,,
Guinea,GIN,Births attended by skilled health staff (% of total),SH.STA.BRTC.ZS,,,,,,,,,30.5,,,,,,,34.8,,,,48.7,,38,,46.1,,,,,45.3,,,,62.7,,
"Gambia, The",GMB,Births attended by skilled health staff (% of total),SH.STA.BRTC.ZS,,,,,,,44.1,,,,,,,,,,51.6,,,,,,52.1,,,,56.1,,,57.2,,,,,
Guinea-Bissau,GNB,Births attended by skilled health staff (% of total),SH.STA.BRTC.ZS,,,,,,,,,,,,25,,,,,31.8,,,,,,31,,,,43,,,,45,,,,
Equatorial Guinea,GNQ,Births attended by skilled health staff (% of total),SH.STA.BRTC.ZS,,,,,,,,,,,5,,,,,,64.6,,,,,,,,,,,68.3,,,,,,,
Greece,GRC,Births attended by skilled health staff (% of total),SH.STA.BRTC.ZS,,,,,,,,,,,,,,,,,,,,,,,,,,,,,,,,,,,
Grenada,GRD,Births attended by skilled health staff (% of total),SH.STA.BRTC.ZS,,,,,,,,,,,,100,,,99,99,100,,100,100,,100,,98.8,,100,,100,99,99,99,,99.3,,
Greenland,GRL,Births attended by skilled health staff (% of total),SH.STA.BRTC.ZS,,,,,,,,,,,,,,,,,,,,,,,,,,,,,,,,,,,
Guatemala,GTM,Births attended by skilled health staff (% of total),SH.STA.BRTC.ZS,35,,,29.2,,,,,,,,34.8,,,,40.6,,,41.4,,,,,,,51.5,52.3,,,62.8,,65.5,,,
Guam,GUM,Births attended by skilled health staff (% of total),SH.STA.BRTC.ZS,,,,,,,,,,,,,,,,,,99.4,,,,,,,,,,,,,,,,,
Guyana,GUY,Births attended by skilled health staff (% of total),SH.STA.BRTC.ZS,,,,,,,,,,,,93,,95,94,,82.9,93.8,,94,95.9,96.7,96.6,80.9,96,87.4,,,,,85.7,,,,
High income,HIC,Births attended by skilled health staff (% of total),SH.STA.BRTC.ZS,,,,,,,,,,,,,,,,,98.97797049,,,,,,,,,,,,,,99.04501206,,,,
"Hong Kong SAR, China",HKG,Births attended by skilled health staff (% of total),SH.STA.BRTC.ZS,,,,,,,,,,,,,,,,,,,,,,100,,,,,,,,,,,,,
Honduras,HND,Births attended by skilled health staff (% of total),SH.STA.BRTC.ZS,,,,42.1,,,,,46.9,,,,54.5,,,,,55.7,,,,,66.3,,,,,,82.8,,,,,,
Heavily indebted poor countries (HIPC),HPC,Births attended by skilled health staff (% of total),SH.STA.BRTC.ZS,,,,,,,,,,,,,,,,,36.01289468,,,,,,,,,,,,,,61.21490514,,,,
Croatia,HRV,Births attended by skilled health staff (% of total),SH.STA.BRTC.ZS,,,,,,99.7,99.8,99.8,99.8,99.8,99.8,99.9,99.8,99.9,99.9,99.9,99.9,99.9,99.9,99.9,99.9,99.9,99.9,99.9,99.9,99.9,99.9,99.9,99.9,99.9,99.9,99.9,,,
Haiti,HTI,Births attended by skilled health staff (% of total),SH.STA.BRTC.ZS,,,,,,23,,,,,,20.6,,,,,23.8,,,,,,26.1,,,,,,37.3,48.6,,,,41.6,
Hungary,HUN,Births attended by skilled health staff (% of total),SH.STA.BRTC.ZS,,,,,,99.4,99.4,99.4,99.5,99.4,99.4,99.4,99.5,99.5,99.5,99.5,99.5,99.6,99.6,99.6,99.6,99.6,99.7,99.6,99.5,99.6,99.1,99,99,99.1,99.2,,,,
IBRD only,IBD,Births attended by skilled health staff (% of total),SH.STA.BRTC.ZS,,,,,,,,,,,,,,,,,70.5599926,,,,,,,,,,,,,,90.41682112,,,,
IDA & IBRD total,IBT,Births attended by skilled health staff (% of total),SH.STA.BRTC.ZS,,,,,,,,,,,,,,,,,59.10041508,,,,,,,,,,,,,,78.50755705,,,,
IDA total,IDA,Births attended by skilled health staff (% of total),SH.STA.BRTC.ZS,,,,,,,,,,,,,,,,,34.75312222,,,,,,,,,,,,,,59.16629772,,,,
IDA blend,IDB,Births attended by skilled health staff (% of total),SH.STA.BRTC.ZS,,,,,,,30.88028998,,,,,,,,,,39.55788426,,,,,,,,,,,,,,58.02042347,,,,
Indonesia,IDN,Births attended by skilled health staff (% of total),SH.STA.BRTC.ZS,,,,36.3,,,40.7,31.7,40.7,,36.5,49.7,,43.2,56,,66.9,,68.4,66.3,71.5,,,73,74.86,,82.2,,83.1,87.4,,,92.59,,
IDA only,IDX,Births attended by skilled health staff (% of total),SH.STA.BRTC.ZS,,,,,,,,,,,,,,,,,32.16974849,,,,,,,,,,,,,,59.75488959,,,,
Isle of Man,IMN,Births attended by skilled health staff (% of total),SH.STA.BRTC.ZS,,,,,,,47.74766051,,,,,,,,,,71.50205407,,,,,,,,,,81.43067708,,,,,,,,
India,IND,Births attended by skilled health staff (% of total),SH.STA.BRTC.ZS,,,,,,,,,,34.2,,,,,,42.3,42.5,,,,,,46.6,,52.3,,,,,,81.1,,81.4,,
Not classified,INX,Births attended by skilled health staff (% of total),SH.STA.BRTC.ZS,,,,,,,,,,,,,,,,,,,,,,,,,,,,,,,,,,,
Ireland,IRL,Births attended by skilled health staff (% of total),SH.STA.BRTC.ZS,,,,,,,,,,,,,,,,99.5,99.6,99.6,99.5,99.6,99.7,99.7,99.7,99.7,99.8,99.8,99.8,99.8,99.8,99.8,99.7,99.7,,,
"Iran, Islamic Rep.",IRN,Births attended by skilled health staff (% of total),SH.STA.BRTC.ZS,,,,,,,,,,,,,,86.1,,,89.6,,,,,97.3,,,,97.7,96.4,98.5,98.8,98.8,99,,,,
Iraq,IRQ,Births attended by skilled health staff (% of total),SH.STA.BRTC.ZS,,,,,,54,,,,,,,,,,,65.2,,,,,,88.5,79.7,,,,90.9,70.4,,,,,,
Iceland,ISL,Births attended by skilled health staff (% of total),SH.STA.BRTC.ZS,,,,,,,100,99.9,99.8,99.8,99.8,99.8,99.8,99.8,99.9,99.6,99.3,99.5,99.4,99.4,99.4,99,98.9,98.9,98.7,98.8,98.2,97.9,97.8,98.1,97.8,98.2,97.9,,
Israel,ISR,Births attended by skilled health staff (% of total),SH.STA.BRTC.ZS,,,,99,,,,,,,,,,,,,,,,,,,,,,,,,,,,,,,
Italy,ITA,Births attended by skilled health staff (% of total),SH.STA.BRTC.ZS,,,,,,,,,,,,,,,,,99.8,,99.6,99.6,99.8,99.8,99.8,99.6,99.8,99.8,99.9,99.9,,99.9,99.9,,,,
Jamaica,JAM,Births attended by skilled health staff (% of total),SH.STA.BRTC.ZS,,,,,,92,,,,93.4,,,90,94.6,,,95.9,98.5,96.9,97.4,,96.7,94.5,,98.3,98.3,,99.1,,,,,,,
Jordan,JOR,Births attended by skilled health staff (% of total),SH.STA.BRTC.ZS,,,,,,,87.2,,,,,,,96.7,,,,,99.5,,,,,99.1,,,,,99.6,,,,,,99.7
Japan,JPN,Births attended by skilled health staff (% of total),SH.STA.BRTC.ZS,,,,,,,99.9,,,,,99.9,100,,,,99.8,99.8,99.8,99.8,99.8,99.8,99.8,99.8,99.8,99.8,99.8,99.8,99.8,,99.8,99.9,,,
Kazakhstan,KAZ,Births attended by skilled health staff (% of total),SH.STA.BRTC.ZS,,,,,,99,99,98.1,98.9,98.6,98.3,99.6,98.1,97.6,98,99.1,98.3,98.5,98.9,99.4,99.4,99.4,99.8,99.5,99.8,99.4,100,99.9,99.99,99.99,99.99,99.4,,,
Kenya,KEN,Births attended by skilled health staff (% of total),SH.STA.BRTC.ZS,,,,,,50,,,,45.4,,,,,44.3,,42.6,,,41.6,,,,,,43.8,,,,,61.8,,,,
Kyrgyz Republic,KGZ,Births attended by skilled health staff (% of total),SH.STA.BRTC.ZS,,,,,,98.8,98.9,98.9,98.7,98.3,98.2,98,98.1,98.1,98.5,98.5,98.6,98.7,98.8,98.9,98.2,97.9,97.6,98.4,98.5,98.5,98.3,98.6,99.1,99,98.4,,,,
Cambodia,KHM,Births attended by skilled health staff (% of total),SH.STA.BRTC.ZS,,,,,,,,,,,,43.3,,,34,,31.8,,,,16.3,43.8,,,,,71,71.7,74,,89,,,,
Kiribati,KIR,Births attended by skilled health staff (% of total),SH.STA.BRTC.ZS,,,,,,,60,,,,72,,,,85,,85,,76,,,89.7,,,65,79.8,98.3,,,,,,,,
St. Kitts and Nevis,KNA,Births attended by skilled health staff (% of total),SH.STA.BRTC.ZS,,,,,,,,,,,,100,,,99.4,,99.4,,99.5,,100,100,,100,100,100,100,100,100,100,100,,,,
"Korea, Rep.",KOR,Births attended by skilled health staff (% of total),SH.STA.BRTC.ZS,,,,,,,98,97.9,,,98.4,,,100,,,99.9,,,99.9,,,,,,99.9,,,99.8,,,100,,,
Kuwait,KWT,Births attended by skilled health staff (% of total),SH.STA.BRTC.ZS,,,96,,,,,,,,,,98.1,,,,,,100,,98.3,98.6,98.7,98.7,98.7,98.7,98.6,98.8,98.8,98.7,98.7,99.9,,,
Latin America & Caribbean (excluding high income),LAC,Births attended by skilled health staff (% of total),SH.STA.BRTC.ZS,,,,,,,72.45883508,,,,,,,,,,86.04295151,,,,,,,,,,,,,,94.2435935,,,,
Lao PDR,LAO,Births attended by skilled health staff (% of total),SH.STA.BRTC.ZS,,,,,,,,,,,,,,,,,16.7,19.4,,,,14.6,18.9,,,,37,,40.1,,,,,,
Lebanon,LBN,Births attended by skilled health staff (% of total),SH.STA.BRTC.ZS,,,,,,,,,,,,,89,,,,99.9,,,,98.2,,,,,,,,,,,,,,
Liberia,LBR,Births attended by skilled health staff (% of total),SH.STA.BRTC.ZS,,,58.1,,,,,,,,,,,,,,50.9,,,,,,,46.3,,,,,,61.1,,,,,
Libya,LBY,Births attended by skilled health staff (% of total),SH.STA.BRTC.ZS,,,,,,,,,,,,94.4,,,,99,,,,,,,,98.3,99.8,,99.9,99.9,99.9,99.9,,,,,
St. Lucia,LCA,Births attended by skilled health staff (% of total),SH.STA.BRTC.ZS,,,,,,,,,,,,100,,99.7,,,100,,98,99,100,100,97.9,100,100,,98.5,,98.7,,,,,,
Latin America & Caribbean,LCN,Births attended by skilled health staff (% of total),SH.STA.BRTC.ZS,,,,,,,74.43538167,,,,,,,,,,87.26253541,,,,,,,,,,,,,,94.78287428,,,,
Least developed countries: UN classification,LDC,Births attended by skilled health staff (% of total),SH.STA.BRTC.ZS,,,,,,,,,,,,,,,,,30.21736917,,,,,,,,,,,,,,57.32968543,,,,
Low income,LIC,Births attended by skilled health staff (% of total),SH.STA.BRTC.ZS,,,,,,,,,,,,,,,,,34.11328772,,,,,,,,,,,,,,58.97082383,,,,
Liechtenstein,LIE,Births attended by skilled health staff (% of total),SH.STA.BRTC.ZS,,,,,,,,,,,,,,,,,,,,,,,,,,,,,,,,,,,
Sri Lanka,LKA,Births attended by skilled health staff (% of total),SH.STA.BRTC.ZS,,,,87.2,,,,,,94.1,,,,,,,96,,,,,,,98.6,,,,,,,99.95,,,,
Lower middle income,LMC,Births attended by skilled health staff (% of total),SH.STA.BRTC.ZS,,,,,,,,,,,,,,,,,45.06127485,,,,,,,,,,,,,,74.56805322,,,,
Low & middle income,LMY,Births attended by skilled health staff (% of total),SH.STA.BRTC.ZS,,,,,,,,,,,,,,,,,58.78836564,,,,,,,,,,,,,,78.35223502,,,,
Lesotho,LSO,Births attended by skilled health staff (% of total),SH.STA.BRTC.ZS,,,,,,,,,,60.9,37.6,,,,,,48.1,,,,55.4,,,,,61.5,,,,,77.9,,,,
Late-demographic dividend,LTE,Births attended by skilled health staff (% of total),SH.STA.BRTC.ZS,,,,,,,90.08224371,,,,,,,,,,94.97549741,,,,,,,,,,,,,,98.52681757,,,,
Lithuania,LTU,Births attended by skilled health staff (% of total),SH.STA.BRTC.ZS,,,,,,100,100,100,100,100,100,100,100,100,100,100,100,100,100,100,100,100,100,100,100,100,100,100,100,100,100,,,,
Luxembourg,LUX,Births attended by skilled health staff (% of total),SH.STA.BRTC.ZS,,,100,,,,,,,,,,,,,,,,99.9,99.9,,,,,,99.9,,,,,,,,,
Latvia,LVA,Births attended by skilled health staff (% of total),SH.STA.BRTC.ZS,,,,,,100,100,100,100,100,100,100,100,100,100,100,100,99,100,99,100,100,100,99.4,99.1,98.9,98.8,98.6,98.6,98.4,98.1,99.9,99.9,,
"Macao SAR, China",MAC,Births attended by skilled health staff (% of total),SH.STA.BRTC.ZS,,,,,,,,,,,,,,,,,,,,,100,,,,,,,,,,,,,,
St. Martin (French part),MAF,Births attended by skilled health staff (% of total),SH.STA.BRTC.ZS,,,,,,,,,,,,,,,,,,,,,,,,,,,,,,,,,,,
Morocco,MAR,Births attended by skilled health staff (% of total),SH.STA.BRTC.ZS,24,,,26,,,,,31,,,39.6,,45.6,,,,,,,62.6,,,,,,74.1,73.6,,,,,,,
Monaco,MCO,Births attended by skilled health staff (% of total),SH.STA.BRTC.ZS,,,,,,,,,,,,,,,,,,,,,,,,,,,,,,,,,,,
Moldova,MDA,Births attended by skilled health staff (% of total),SH.STA.BRTC.ZS,,,,,,100,100,100,100,100,100,100,100,100,98,98,98,99,99.6,99.4,99.3,99.5,99.6,99.6,99.5,99.7,99.2,99.4,99.2,99.8,99.7,,,,
Madagascar,MDG,Births attended by skilled health staff (% of total),SH.STA.BRTC.ZS,,,,,,,,,57,,,,,47.3,,,47,,,,51.3,,,,,43.9,,,,44.3,,,,,
Maldives,MDV,Births attended by skilled health staff (% of total),SH.STA.BRTC.ZS,,,,,,,,,,,90,,,,,,,70.3,,,85.2,91.6,94.2,96.3,98.3,94.8,98.2,98.8,95.5,95.6,95.6,,,99.5,
Middle East & North Africa,MEA,Births attended by skilled health staff (% of total),SH.STA.BRTC.ZS,,,,,,,,,,,,,,,,,78.56732048,,,,,,,,,,,,,,85.94708809,,,,
Mexico,MEX,Births attended by skilled health staff (% of total),SH.STA.BRTC.ZS,,,,69.4,,,83.8,,,,,,,85.7,,,88.6,,,95,,,93.4,93.7,,95.3,94.08,,99.6,,95.6,97.7,,,
Marshall Islands,MHL,Births attended by skilled health staff (% of total),SH.STA.BRTC.ZS,,,,,,,,,,,,,,,94.9,,,,95,,,,,86.2,,86.5,99,90.1,,,,,,,
Middle income,MIC,Births attended by skilled health staff (% of total),SH.STA.BRTC.ZS,,,,,,,,,,,,,,,,,63.0962716,,,,,,,,,,,,,,82.87402848,,,,
North Macedonia,MKD,Births attended by skilled health staff (% of total),SH.STA.BRTC.ZS,,,,,,87.8,88.9,89.3,90.9,93.3,93.4,94.1,95,95.6,96.6,97,97.7,97.6,98.2,99,99,99.1,97.8,99.6,99.7,99.8,99.9,91.2,99.9,99.9,99.9,99.95,99.9,,
Mali,MLI,Births attended by skilled health staff (% of total),SH.STA.BRTC.ZS,,,,31.9,,,,,,,,,40,,,,,40.6,,,,,49,,,,28.1,,,58.6,,43.7,,,
Malta,MLT,Births attended by skilled health staff (% of total),SH.STA.BRTC.ZS,,,,,,,,,,98,,,,,,,,99.9,99.5,99.5,99.9,99.7,98.8,99.8,99.9,99.8,99.8,99.8,99.5,99.9,99.9,99.8,99.8,,
Myanmar,MMR,Births attended by skilled health staff (% of total),SH.STA.BRTC.ZS,,,,,,,,46.3,,,,,,56.4,,,,57,,67.5,,,,63.9,,,70.6,,,,,,60.2,,
Middle East & North Africa (excluding high income),MNA,Births attended by skilled health staff (% of total),SH.STA.BRTC.ZS,,,,,,,,,,,,,,,,,76.71360145,,,,,,,,,,,,,,84.64594411,,,,
Montenegro,MNE,Births attended by skilled health staff (% of total),SH.STA.BRTC.ZS,,,,,,,,,,,,,,,,,99.1,99.5,99.7,99.7,99.6,99.9,87.2,100,99.9,99.5,,,,99,,,,,
Mongolia,MNG,Births attended by skilled health staff (% of total),SH.STA.BRTC.ZS,,,,,,,,,,,,,,,97.1,,96.6,,,98.6,99.7,99.2,,,99.4,,98.4,,,98.3,98.9,,,,
Northern Mariana Islands,MNP,Births attended by skilled health staff (% of total),SH.STA.BRTC.ZS,,,,,,,,,,,,,,,,,99.6,,,,,,,,,,,,,,,,,,
Mozambique,MOZ,Births attended by skilled health staff (% of total),SH.STA.BRTC.ZS,,,,,,,,,,,,,,44.2,,,,,,47.7,,,,,55.3,,,54.3,,,,,,,
Mauritania,MRT,Births attended by skilled health staff (% of total),SH.STA.BRTC.ZS,,,,,,,,40,,,,,,,,,,53.4,,,,,,57.1,,,,65.1,,,,69.3,,,
Mauritius,MUS,Births attended by skilled health staff (% of total),SH.STA.BRTC.ZS,,,,,,,91.1,94.5,96.5,96.3,97.7,98.1,97.5,97.8,98.5,99.8,99.7,,,98.4,,99.2,,,99.5,99.4,99.5,,99.5,,99.8,99.8,99.8,,
Malawi,MWI,Births attended by skilled health staff (% of total),SH.STA.BRTC.ZS,,,,,,,,,54.8,,,,,,,,55.6,,60.5,,56.1,59,53.6,,68,,71.4,,,,87.4,,89.8,,
Malaysia,MYS,Births attended by skilled health staff (% of total),SH.STA.BRTC.ZS,,,,,,,92.8,,,,,95.1,,,96.2,,96.6,96.8,97,97.6,98,98.1,98.4,98.6,98.6,98.6,98.6,98.59,98.7,98.8,98.9,99.4,,,
North America,NAC,Births attended by skilled health staff (% of total),SH.STA.BRTC.ZS,,,,,,,99.1909092,,,,,,,,,,99.39250438,,,,,,,,,,,,,,98.99445943,,,,
Namibia,NAM,Births attended by skilled health staff (% of total),SH.STA.BRTC.ZS,,,,,,,,,68.2,,,,,,,,75.5,,,,,,,81.4,,,,,,88.2,,,,,
New Caledonia,NCL,Births attended by skilled health staff (% of total),SH.STA.BRTC.ZS,,,,,,,,,,,,,,,,,,,,,,,,,,,,,,,,,,,
Niger,NER,Births attended by skilled health staff (% of total),SH.STA.BRTC.ZS,,,,,,,,,14.9,,,,,,17.6,,15.7,,,,,,17.7,,,,,,29.3,,,39.7,,,
Nigeria,NGA,Births attended by skilled health staff (% of total),SH.STA.BRTC.ZS,,,,,,,30.8,,,,,,,,,41.6,,,,35.2,,,,,34.4,,,47.3,,35.2,,,,40.3,
Nicaragua,NIC,Births attended by skilled health staff (% of total),SH.STA.BRTC.ZS,,,,,,,,,,61,,,,,64.6,,,66.9,,,,,,73.7,,,74,,88,,,,,,
Netherlands,NLD,Births attended by skilled health staff (% of total),SH.STA.BRTC.ZS,,,,,,,,,,,,,,,100,,,,,100,,,,,,,,,,,,,,,
Norway,NOR,Births attended by skilled health staff (% of total),SH.STA.BRTC.ZS,,,,,100,,99.4,99.3,99.3,99.4,99.3,99.2,99.2,99.1,99.1,99.1,99,99.1,99.1,99,99.1,99.2,99.2,99.1,99.2,99.2,99.1,99.2,99.2,99.1,99.1,99.1,99.1,,
Nepal,NPL,Births attended by skilled health staff (% of total),SH.STA.BRTC.ZS,,,,,,,,7.4,,,,,9,,,,11.9,10.9,,,15.8,,18.7,,,,,36,,,55.6,,58,,
Nauru,NRU,Births attended by skilled health staff (% of total),SH.STA.BRTC.ZS,,,,,,,,,,,,,,,,,,,,,,,,97.4,,,,,,,,,,,
New Zealand,NZL,Births attended by skilled health staff (% of total),SH.STA.BRTC.ZS,,,,,,,,,,,95,100,,,,92,97.3,96.6,99.2,98.2,94,94,97.9,95.7,96.7,96.7,96.2,96.7,,,96.6,96.3,,,
OECD members,OED,Births attended by skilled health staff (% of total),SH.STA.BRTC.ZS,,,,,,,,,,,,,,,,,95.90150271,,,,,,,,,,,,,,98.6680231,,,,
Oman,OMN,Births attended by skilled health staff (% of total),SH.STA.BRTC.ZS,,,,87,,,,,,,,95,,,,,96.8,,,,,98,98,99,98.6,98.6,98.6,98.6,98.6,98.6,99.1,,,,
Other small states,OSS,Births attended by skilled health staff (% of total),SH.STA.BRTC.ZS,,,,,,,,,,,,,,,,,66.86453354,,,,,,,,,,,,,,79.51299716,,,,
Pakistan,PAK,Births attended by skilled health staff (% of total),SH.STA.BRTC.ZS,,,,,,,,18.8,,,,,,18,,18,,23,23,,,31,56,38.8,38,41,,43,51,52.1,,,,,69.3
Panama,PAN,Births attended by skilled health staff (% of total),SH.STA.BRTC.ZS,,,,,,,,,85.8,86.9,88,88.3,89.9,89.5,90,90.1,90.5,92.1,94.2,92.5,91.3,91.1,91,91.5,91.8,88.6,92.7,93.5,94.3,91.4,93.9,95,94.6,,
Peru,PER,Births attended by skilled health staff (% of total),SH.STA.BRTC.ZS,,,49,,,,,,52.5,,,,56.4,,,,59.3,,,,71.1,,71,,79.4,82.5,83.8,85,86.7,89.1,90,91.6,92.4,,
Philippines,PHL,Births attended by skilled health staff (% of total),SH.STA.BRTC.ZS,,,,,,,,,,52.8,,,,,56.4,58,58,,,59.8,,,,,62.2,,,72.2,,72.8,,,,84.4,
Palau,PLW,Births attended by skilled health staff (% of total),SH.STA.BRTC.ZS,,,,,,,100,,,,,100,,,100,,100,,100,,,,100,100,100,99.3,100,100,97.4,99.1,100,100,100,,
Papua New Guinea,PNG,Births attended by skilled health staff (% of total),SH.STA.BRTC.ZS,,,,,,,,,,,,42,51.3,,,,41,39,,,39,,53,,,,,,,,,,,,
Poland,POL,Births attended by skilled health staff (% of total),SH.STA.BRTC.ZS,,,99,,,99.6,99.6,99.6,99.6,99.6,99.6,99.6,99.7,99.7,99.7,99.7,99.8,99.8,99.8,99.8,99.8,99.9,99.4,99.4,99.4,99.7,99.8,99.8,99.8,99.8,99.8,99.8,99.8,,
Pre-demographic dividend,PRE,Births attended by skilled health staff (% of total),SH.STA.BRTC.ZS,,,,,,,,,,,,,,,,,42.41015357,,,,,,,,,,,,,,58.42553729,,,,
Puerto Rico,PRI,Births attended by skilled health staff (% of total),SH.STA.BRTC.ZS,,,,,,,,,,,,,,,,,,,,,99.8,,,,,,,,,,,,,,
"Korea, Dem. People’s Rep.",PRK,Births attended by skilled health staff (% of total),SH.STA.BRTC.ZS,,,,,,,,,,,,,,,,,96.7,,,,97.1,,,,,100,,,,,,,,,
Portugal,PRT,Births attended by skilled health staff (% of total),SH.STA.BRTC.ZS,,,,,,98,,,,,,,,,99.7,,99.7,99.9,,,,,,,,,,,,99,98.9,98.9,,,
Paraguay,PRY,Births attended by skilled health staff (% of total),SH.STA.BRTC.ZS,,,,,,,66,,,,,,60.8,,60.8,85.6,,,85.8,85.9,77.2,87.5,90.5,,87.2,93.8,95.6,95.8,95.7,,96.4,96.3,95.5,,
West Bank and Gaza,PSE,Births attended by skilled health staff (% of total),SH.STA.BRTC.ZS,,,,,,,,,,,,,94.9,,,,97.4,,,,98.3,97,96.6,,,,99,,,,99.6,,,,
Pacific island small states,PSS,Births attended by skilled health staff (% of total),SH.STA.BRTC.ZS,,,,,,,87.02857669,,,,,,,,,,90.76223273,,,,,,,,,,,,,,92.49921079,,,,
Post-demographic dividend,PST,Births attended by skilled health staff (% of total),SH.STA.BRTC.ZS,,,,,,,,,,,,,,,,,99.44448131,,,,,,,,,,,,,,99.10425196,,,,
French Polynesia,PYF,Births attended by skilled health staff (% of total),SH.STA.BRTC.ZS,,,,,,,,,,,,,,,,,99,,,,,,,,,,,,,,,,,,
Qatar,QAT,Births attended by skilled health staff (% of total),SH.STA.BRTC.ZS,,,,,,,100,100,100,100,,100,100,100,100,100,100,100,100,100,100,100,100,100,100,100,100,100,100,,100,100,,,
Romania,ROU,Births attended by skilled health staff (% of total),SH.STA.BRTC.ZS,,,,,,99.9,99.8,99.9,99.7,98.9,99,99.1,99,98.3,99,98,99,96.5,99.1,99.2,98.9,98.1,98.2,98.8,98.7,98.5,98.5,98.5,99.5,98.5,98.5,95.2,,,
Russian Federation,RUS,Births attended by skilled health staff (% of total),SH.STA.BRTC.ZS,,,,,,99.2,99.2,99.2,99.1,99.1,99.1,99.1,99.1,99.1,99.1,99.1,99.2,99.3,99.3,99.4,99.3,99.4,99.5,99.6,99.6,99.7,99.7,98.7,99.7,99.7,99.7,,,,
Rwanda,RWA,Births attended by skilled health staff (% of total),SH.STA.BRTC.ZS,,,,,,,,,25.8,,,,,,,,31.3,,,,,38.6,,,52.1,,69,,,,,90.7,,,
South Asia,SAS,Births attended by skilled health staff (% of total),SH.STA.BRTC.ZS,,,,,,,,,,,,,,,,,36.42239794,,,,,,,,,,,,,,75.64753417,,,,
Saudi Arabia,SAU,Births attended by skilled health staff (% of total),SH.STA.BRTC.ZS,,,,,,,88,,,,,91.4,91.4,,,,91,,,,96,96,96,97,97,97,97,,,98,,,,,
Sudan,SDN,Births attended by skilled health staff (% of total),SH.STA.BRTC.ZS,,,,,,,68.5,,,,,,,,,,,,,,,,28.8,,,,72.4,,,,77.5,,,,
Senegal,SEN,Births attended by skilled health staff (% of total),SH.STA.BRTC.ZS,,,41.4,,,,,,,47.2,,,,46.6,,48.3,57.8,,58,,58,51.9,,,,,,65.1,,50.5,59.1,53.2,58.6,68.4,
Singapore,SGP,Births attended by skilled health staff (% of total),SH.STA.BRTC.ZS,,,,,,,,,,,,,99.7,99.7,100,99.7,99.7,99.6,99.7,99.7,99.7,99.7,99.7,99.7,99.8,99.7,99.7,99.7,99.7,99.6,99.7,99.6,99.6,,
Solomon Islands,SLB,Births attended by skilled health staff (% of total),SH.STA.BRTC.ZS,,,,,,,85,,,,83.5,,,,,85,,,,,,,,85.5,,,,,,,,86.2,,,
Sierra Leone,SLE,Births attended by skilled health staff (% of total),SH.STA.BRTC.ZS,,,,,,,,,,,,,,,,,37.1,,,,,40,,,42.4,,60.8,,,59.7,,,,,
El Salvador,SLV,Births attended by skilled health staff (% of total),SH.STA.BRTC.ZS,,85.4,,,90,,,,,87.4,,,,,90.4,,,,,92.4,,87.2,89.6,93.1,95,97.5,98,99,99.5,99.8,97.7,99.9,99.9,,
San Marino,SMR,Births attended by skilled health staff (% of total),SH.STA.BRTC.ZS,,,,,,,,,,,,,,,,,,,,,,,,,,,,,,,,,,,
Somalia,SOM,Births attended by skilled health staff (% of total),SH.STA.BRTC.ZS,,,,,,,,,,,,,,,,19.3,,,24.8,,,,9.4,,,,,,,,,,,,
Serbia,SRB,Births attended by skilled health staff (% of total),SH.STA.BRTC.ZS,,,,,,,,,,,,98.7,98.8,,,,98,98.2,99.2,98.5,98.7,99.7,88.9,99.8,99.7,99.8,99.7,99,99,99.9,98.4,,,,
Sub-Saharan Africa (excluding high income),SSA,Births attended by skilled health staff (% of total),SH.STA.BRTC.ZS,,,,,,,,,,,,,,,,,41.23748678,,,,,,,,,,,,,,57.99118251,,,,
South Sudan,SSD,Births attended by skilled health staff (% of total),SH.STA.BRTC.ZS,,,,,,,,,,,,,,,,,,,,,,,9.7,,,,19.4,,,,,,,,
Sub-Saharan Africa,SSF,Births attended by skilled health staff (% of total),SH.STA.BRTC.ZS,,,,,,,,,,,,,,,,,41.24088031,,,,,,,,,,,,,,57.99296134,,,,
Small states,SST,Births attended by skilled health staff (% of total),SH.STA.BRTC.ZS,,,,,,,,,,,,,,,,,72.9044475,,,,,,,,,,,,,,82.54421069,,,,
Sao Tome and Principe,STP,Births attended by skilled health staff (% of total),SH.STA.BRTC.ZS,,,,,,,,,,,,,,,,,78.6,,,76.4,,,80.7,,,81.7,,,,,92.5,,,,
Suriname,SUR,Births attended by skilled health staff (% of total),SH.STA.BRTC.ZS,,,,,,,,,,,,80,,,,,61.6,,90,,90,,86.5,,,,90,,,,,80,,,
Slovak Republic,SVK,Births attended by skilled health staff (% of total),SH.STA.BRTC.ZS,,,,,,100,100,100,100,100,100,100,100,100,100,100,100,99.4,99.4,99.5,99.5,99.5,99.5,99.2,99.5,99.5,99.2,99,99.5,98.6,98.5,,,,
Slovenia,SVN,Births attended by skilled health staff (% of total),SH.STA.BRTC.ZS,,,,,,99.6,99.9,99.9,99.9,99.9,99.9,99.9,99.9,99.9,99.8,99.9,99.9,99.9,99.9,99.9,99.9,99.9,99.9,99.9,99.9,99.9,99.9,99.9,99.8,,,,,,
Sweden,SWE,Births attended by skilled health staff (% of total),SH.STA.BRTC.ZS,,,,100,,,,,,,,,,,,,,,,,,,,,,,,,,,,,,,
Eswatini,SWZ,Births attended by skilled health staff (% of total),SH.STA.BRTC.ZS,,,,,,,,,,,56,,,,,,65.4,,74,,,,,69,,,82,,,,88.3,,,,
Sint Maarten (Dutch part),SXM,Births attended by skilled health staff (% of total),SH.STA.BRTC.ZS,,,,,,,,,,,,,,,,,,,,,,,,,,,,,,,,,,,
Seychelles,SYC,Births attended by skilled health staff (% of total),SH.STA.BRTC.ZS,,,,,,,98,,,,,99,,,,,99,,,,,99,99,100,100,99,99,99,99,,,,,,
Syrian Arab Republic,SYR,Births attended by skilled health staff (% of total),SH.STA.BRTC.ZS,,,,,,,,,,76.9,,,,,,,,,,,89.7,,91.5,,,96.2,,,,,,,,,
Turks and Caicos Islands,TCA,Births attended by skilled health staff (% of total),SH.STA.BRTC.ZS,,,,,,,,,,,,,,,100,88.2,,,,,100,99.1,100,,,,,,,,,,,,
Chad,TCD,Births attended by skilled health staff (% of total),SH.STA.BRTC.ZS,,,,,,,,,,,,,,15,,,13.7,,,,14.4,,,,,,16.6,,,,,20.2,,,
East Asia & Pacific (IDA & IBRD countries),TEA,Births attended by skilled health staff (% of total),SH.STA.BRTC.ZS,,,,,,,83.97204432,,,,,,,,,,84.0077576,,,,,,,,,,,,,,95.11072235,,,,
Europe & Central Asia (IDA & IBRD countries),TEC,Births attended by skilled health staff (% of total),SH.STA.BRTC.ZS,,,,,,,98.70740904,,,,,,,,,,92.72645828,,,,,,,,,,,,,,98.93898482,,,,
Togo,TGO,Births attended by skilled health staff (% of total),SH.STA.BRTC.ZS,,,,,45.7,,,,,,,,,,50.5,,35.4,,,60.8,,,52.4,,,,43.9,,,,44.6,,,,
Thailand,THA,Births attended by skilled health staff (% of total),SH.STA.BRTC.ZS,,,,65.9,,,,,,,,,,,,,99.3,,,,,,96.9,,,99.4,,,99.6,,,,99.1,,
Tajikistan,TJK,Births attended by skilled health staff (% of total),SH.STA.BRTC.ZS,,,,,,93.6,,90.3,,,82.6,80.9,79,72.6,74.1,66.6,70.7,81.1,88.7,88.1,75.1,82.4,78.3,88.4,85,87.1,87.7,89,87.4,90.8,90.3,98,,94.8,
Turkmenistan,TKM,Births attended by skilled health staff (% of total),SH.STA.BRTC.ZS,,,,,,,,,,,,,95.8,,,,97.2,,97.2,99.5,98.5,99.7,99.5,,,,,,,,,,100,,
Latin America & the Caribbean (IDA & IBRD countries),TLA,Births attended by skilled health staff (% of total),SH.STA.BRTC.ZS,,,,,,,73.96673088,,,,,,,,,,87.091408,,,,,,,,,,,,,,94.71837862,,,,
Timor-Leste,TLS,Births attended by skilled health staff (% of total),SH.STA.BRTC.ZS,,,,,,,,,,,,,,25.8,,,,,24,18.4,,,,,,,29.3,,,,,,56.7,,
Middle East & North Africa (IDA & IBRD countries),TMN,Births attended by skilled health staff (% of total),SH.STA.BRTC.ZS,,,,,,,,,,,,,,,,,76.21557012,,,,,,,,,,,,,,84.40610989,,,,
Tonga,TON,Births attended by skilled health staff (% of total),SH.STA.BRTC.ZS,,,,,,,94,92,,,,,,,,96,95,95.3,95.1,97,98,96.1,98,98,97,98.1,98.4,,95.5,,,,,,
South Asia (IDA & IBRD),TSA,Births attended by skilled health staff (% of total),SH.STA.BRTC.ZS,,,,,,,,,,,,,,,,,36.42239794,,,,,,,,,,,,,,75.64753417,,,,
Sub-Saharan Africa (IDA & IBRD countries),TSS,Births attended by skilled health staff (% of total),SH.STA.BRTC.ZS,,,,,,,,,,,,,,,,,41.24088031,,,,,,,,,,,,,,57.99296134,,,,
Trinidad and Tobago,TTO,Births attended by skilled health staff (% of total),SH.STA.BRTC.ZS,,,,97.7,,,,,,98.3,98,97.5,98,99,98.2,99,96,99.5,98.7,99.7,99.7,,96.9,,99.5,,,98,100,100,100,100,,,
Tunisia,TUN,Births attended by skilled health staff (% of total),SH.STA.BRTC.ZS,,,,,69,,,,,,,80.6,,,,,89.9,89.9,,,,,94.6,,,,,,73.6,,,,,,
Turkey,TUR,Births attended by skilled health staff (% of total),SH.STA.BRTC.ZS,,,,,,,,,,75.9,,,,,80.6,,,,,83,,,,89.3,91.3,95,,,,97.4,97.4,,,,
Tuvalu,TUV,Births attended by skilled health staff (% of total),SH.STA.BRTC.ZS,,,,,,,95,,,,,,,99,,,100,,100,,,,,93.1,,,,,,,,,,,
Tanzania,TZA,Births attended by skilled health staff (% of total),SH.STA.BRTC.ZS,,,,,,,,,43.9,,,,38.2,,,35.8,,,,,43.4,43.4,,,,,48.9,,61.4,,,,63.7,,
Uganda,UGA,Births attended by skilled health staff (% of total),SH.STA.BRTC.ZS,,,,,,38.3,,,,,,37.8,,,,,36,39,,,,,41.9,,,,,57.4,,,,,74.2,,
Ukraine,UKR,Births attended by skilled health staff (% of total),SH.STA.BRTC.ZS,,,,,,99.9,99.9,99.9,99.9,99.9,99.88,99.89,99.9,99.9,99.9,99.9,99.9,99.9,99.9,99.9,99.9,99.8,99.9,98.7,99.9,99.9,99.9,99.9,99,99.9,99.9,,,,
Upper middle income,UMC,Births attended by skilled health staff (% of total),SH.STA.BRTC.ZS,,,,,,,89.06574783,,,,,,,,,,92.81630708,,,,,,,,,,,,,,97.61831547,,,,
Uruguay,URY,Births attended by skilled health staff (% of total),SH.STA.BRTC.ZS,,,,,,,99.4,99.3,99,98.3,98.2,98,98,99.6,99,99.8,99.7,99.6,99.7,99.7,99.5,99.9,99.9,98.6,99.6,99.7,99.8,99.5,99.5,98.2,99.9,,,,
United States,USA,Births attended by skilled health staff (% of total),SH.STA.BRTC.ZS,,,,,,99,99.2,99.2,99.3,99.4,99.4,99.4,99.4,99.4,99.4,99.4,99.4,99.4,99.5,99.3,99.3,99.4,99.4,99.3,99.3,99.3,99.2,99.3,99.3,99.2,98.5,99.1,,,
Uzbekistan,UZB,Births attended by skilled health staff (% of total),SH.STA.BRTC.ZS,,,,,,,,,,,,,97.5,100,100,100,94.9,100,100,100,100,100,99.6,100,100,100,100,100,100,100,100,100,,,
St. Vincent and the Grenadines,VCT,Births attended by skilled health staff (% of total),SH.STA.BRTC.ZS,,,,,,,,,,,,100,,,98,99.3,100,100,100,,100,100,,100,99.2,98.9,98.3,98.8,99.2,99,99,,,,
"Venezuela, RB",VEN,Births attended by skilled health staff (% of total),SH.STA.BRTC.ZS,,,,,,,,,,,,,,95.3,,,94,,,95,,,,,,,,98.1,96,99.2,99.5,97.3,96.2,,
British Virgin Islands,VGB,Births attended by skilled health staff (% of total),SH.STA.BRTC.ZS,,,,,,,,,,,,100,,,,100,,,,,,100,,,,,,,,,,,,,
Virgin Islands (U.S.),VIR,Births attended by skilled health staff (% of total),SH.STA.BRTC.ZS,,,,,,,,,,,,,,,,,,,98.3,98.5,,,,,,,,,,,,,,,
Vietnam,VNM,Births attended by skilled health staff (% of total),SH.STA.BRTC.ZS,,,,,,,,,,,,,,77.1,,,58.8,,85,,,,83.8,,,,,91.9,,,93.8,,,,
Vanuatu,VUT,Births attended by skilled health staff (% of total),SH.STA.BRTC.ZS,,,,,,,79,,,,87,89.1,,,,88,88,,,84,,92,92.9,74,,,,,,89.4,,,,,
World,WLD,Births attended by skilled health staff (% of total),SH.STA.BRTC.ZS,,,,,,,,,,,,,,,,,62.82145382,,,,,,,,,,,,,,80.0942571,,,,
Samoa,WSM,Births attended by skilled health staff (% of total),SH.STA.BRTC.ZS,,,,,,,76,,,,,,,,100,,80,,,,100,,,,,80.8,,,,,82.5,,,,
Kosovo,XKX,Births attended by skilled health staff (% of total),SH.STA.BRTC.ZS,,,,,,,,,,,,,,,,,,,,,,,,,,,,,,,,,,,
"Yemen, Rep.",YEM,Births attended by skilled health staff (% of total),SH.STA.BRTC.ZS,,,,,,,,,15.9,,,,,21.6,,,,,,26.8,,,35.7,,,,,,34.4,44.7,,,,,
South Africa,ZAF,Births attended by skilled health staff (% of total),SH.STA.BRTC.ZS,,,,,,,,,,,82,82,,,84.4,,,,,91.2,,,,,94.3,,,,,,,,96.7,,
Zambia,ZMB,Births attended by skilled health staff (% of total),SH.STA.BRTC.ZS,,,,,,,,,50.5,,,,46.5,,,45.3,,,42.1,,,,,45.2,,,,,,,63.3,,,,
Zimbabwe,ZWE,Births attended by skilled health staff (% of total),SH.STA.BRTC.ZS,,,,,69.6,,,,,,69.2,,,,,72.5,,,,,,,68.5,,,60.2,,66.2,,,80,78.1,,,
