Data Source,World Development Indicators,,,,,,,,,,,,,,,,,,,,,,,,,,,,,,,,,,,,,,,,,,,,,,,,,,,,,,,,,,,,,
,,,,,,,,,,,,,,,,,,,,,,,,,,,,,,,,,,,,,,,,,,,,,,,,,,,,,,,,,,,,,,
Last Updated Date,4/24/2019,,,,,,,,,,,,,,,,,,,,,,,,,,,,,,,,,,,,,,,,,,,,,,,,,,,,,,,,,,,,,
,,,,,,,,,,,,,,,,,,,,,,,,,,,,,,,,,,,,,,,,,,,,,,,,,,,,,,,,,,,,,,
Country Name,Country Code,Indicator Name,Indicator Code,1960,1961,1962,1963,1964,1965,1966,1967,1968,1969,1970,1971,1972,1973,1974,1975,1976,1977,1978,1979,1980,1981,1982,1983,1984,1985,1986,1987,1988,1989,1990,1991,1992,1993,1994,1995,1996,1997,1998,1999,2000,2001,2002,2003,2004,2005,2006,2007,2008,2009,2010,2011,2012,2013,2014,2015,2016,2017,2018
Aruba,ABW,"Literacy rate, adult female (% of females ages 15 and above)",SE.ADT.LITR.FE.ZS,,,,,,,,,,,,,,,,,,,,,,,,,,,,,,,,,,,,,,,,,97.07135773,,,,,,,,,,96.71977997,,,,,,,,
Afghanistan,AFG,"Literacy rate, adult female (% of females ages 15 and above)",SE.ADT.LITR.FE.ZS,,,,,,,,,,,,,,,,,,,,4.987460136,,,,,,,,,,,,,,,,,,,,,,,,,,,,,,,,17.61206055,,,,,,,
Angola,AGO,"Literacy rate, adult female (% of females ages 15 and above)",SE.ADT.LITR.FE.ZS,,,,,,,,,,,,,,,,,,,,,,,,,,,,,,,,,,,,,,,,,,54.19448853,,,,,,,,,,,,,53.4072113,,,,
Albania,ALB,"Literacy rate, adult female (% of females ages 15 and above)",SE.ADT.LITR.FE.ZS,,,,,,,,,,,,,,,,,,,,,,,,,,,,,,,,,,,,,,,,,,98.25227356,,,,,,,94.68180847,,,95.69148254,96.13607025,,,,,,
Andorra,AND,"Literacy rate, adult female (% of females ages 15 and above)",SE.ADT.LITR.FE.ZS,,,,,,,,,,,,,,,,,,,,,,,,,,,,,,,,,,,,,,,,,,,,,,,,,,,,,,,,,,,
Arab World,ARB,"Literacy rate, adult female (% of females ages 15 and above)",SE.ADT.LITR.FE.ZS,,,,,,,,,,,,,,,,,,,31.01894951,31.57826996,32.19625092,32.85947037,33.67137146,34.13457108,35.12615967,36.00738144,37.03604889,37.81383896,38.87401962,39.90322113,40.99124908,42.1643219,43.30986023,43.58525085,44.71131134,45.78086853,47.67155838,48.52051926,49.93799973,51.27001953,52.76005173,53.85792923,55.26776123,57.63776016,58.95415878,52.3949585,58.7096405,59.13446045,60.50379944,58.93370056,60.22806931,62.3255806,63.69984818,64.1760025,64.81878662,65.35713196,65.95265198,,
United Arab Emirates,ARE,"Literacy rate, adult female (% of females ages 15 and above)",SE.ADT.LITR.FE.ZS,,,,,,,,,,,,,,,,38.1248703,,,,,,,,,,68.66127777,,,,,,,,,,,,,,,,,,,,91.4747467,,,,,,,,,,,,,
Argentina,ARG,"Literacy rate, adult female (% of females ages 15 and above)",SE.ADT.LITR.FE.ZS,,,,,,,,,,,,,,,,,,,,,93.58088684,,,,,,,,,,,96.04135895,,,,,,,,,,97.19341278,,,,,98.51077271,,,99.00176239,98.92807007,98.99983978,99.0999527,99.09120941,98.93282318,99.20877075,99.14309692,,
Armenia,ARM,"Literacy rate, adult female (% of females ages 15 and above)",SE.ADT.LITR.FE.ZS,,,,,,,,,,,,,,,,,,,,,,,,,,,,,,98.15013885,,,,,,,,,,,,99.16107178,,,,,,,,,,99.69035339,,,,,,,
American Samoa,ASM,"Literacy rate, adult female (% of females ages 15 and above)",SE.ADT.LITR.FE.ZS,,,,,,,,,,,,,,,,,,,,,97.21990967,,,,,,,,,,,,,,,,,,,,,,,,,,,,,,,,,,,,,,
Antigua and Barbuda,ATG,"Literacy rate, adult female (% of females ages 15 and above)",SE.ADT.LITR.FE.ZS,,,,,,,,,,,,,,,,,,,,,,,,,,,,,,,,,,,,,,,,,,99.41999817,,,,,,,,,,,,,,99.41999817,,,
Australia,AUS,"Literacy rate, adult female (% of females ages 15 and above)",SE.ADT.LITR.FE.ZS,,,,,,,,,,,,,,,,,,,,,,,,,,,,,,,,,,,,,,,,,,,,,,,,,,,,,,,,,,,
Austria,AUT,"Literacy rate, adult female (% of females ages 15 and above)",SE.ADT.LITR.FE.ZS,,,,,,,,,,,,,,,,,,,,,,,,,,,,,,,,,,,,,,,,,,,,,,,,,,,,,,,,,,,
Azerbaijan,AZE,"Literacy rate, adult female (% of females ages 15 and above)",SE.ADT.LITR.FE.ZS,,,,,,,,,,,,,,,,,,,,,,,,,,,,,,,,,,,,,,,,98.1747818,,,,,,,,99.39788055,,99.68215179,99.69262695,99.70496368,99.70285797,99.71681976,99.7196579,99.7171402,99.71955109,,
Burundi,BDI,"Literacy rate, adult female (% of females ages 15 and above)",SE.ADT.LITR.FE.ZS,,,,,,,,,,,,,,,,,,,,11.9835701,,,,,,,,,,,27.52930069,,,,,,,,,,52.23775864,,,,,,,,43.15718842,,,,,,54.66302872,,,,
Belgium,BEL,"Literacy rate, adult female (% of females ages 15 and above)",SE.ADT.LITR.FE.ZS,,,,,,,,,,,,,,,,,,,,,,,,,,,,,,,,,,,,,,,,,,,,,,,,,,,,,,,,,,,
Benin,BEN,"Literacy rate, adult female (% of females ages 15 and above)",SE.ADT.LITR.FE.ZS,,,,,,,,,,,,,,,,,,,,9.539079666,,,,,,,,,,,,,16.56524086,,,,,,,,,,23.30014038,,,,18.44290924,,,,,,22.0938797,,,,,,
Burkina Faso,BFA,"Literacy rate, adult female (% of females ages 15 and above)",SE.ADT.LITR.FE.ZS,,,,,,,,,,,,,,,,3.182770014,,,,,,,,,,,,,,,,8.225429535,,,,,8.057979584,,,,,,,15.18877029,,16.62224007,16.29113007,21.57957077,,,,,,,26.22024918,,,,
Bangladesh,BGD,"Literacy rate, adult female (% of females ages 15 and above)",SE.ADT.LITR.FE.ZS,,,,,,,,,,,,,,,,,,,,,,17.9716301,,,,,,,,,,25.83897972,,,,,,,,,,40.823349,,,,,,43.74084854,,,,55.11943817,54.23603821,57.78900146,57.8609314,62.25299072,69.89720917,70.08570099,
Bulgaria,BGR,"Literacy rate, adult female (% of females ages 15 and above)",SE.ADT.LITR.FE.ZS,,,,,,,,,,,,,,,,,,,,,,,,,,,,,,,,,,,,,,,,,,97.70648956,,,,,,,,,,97.98390198,,,,,,,
Bahrain,BHR,"Literacy rate, adult female (% of females ages 15 and above)",SE.ADT.LITR.FE.ZS,,,,,,,,,,,,,,,,,,,,,,58.59109116,,,,,,,,,,76.93231964,,,,,,,,,,83.55741882,,,,,,,,,91.61257935,,,,,,92.98493958,,
"Bahamas, The",BHS,"Literacy rate, adult female (% of females ages 15 and above)",SE.ADT.LITR.FE.ZS,,,,,,,,,,,,,,,,,,,,,,,,,,,,,,,,,,,,,,,,,,,,,,,,,,,,,,,,,,,
Bosnia and Herzegovina,BIH,"Literacy rate, adult female (% of females ages 15 and above)",SE.ADT.LITR.FE.ZS,,,,,,,,,,,,,,,,,,,,,,,,,,,,,,,,81.9593277,,,,,,,,,94.35993958,,,,,,,,,,,96.80371094,,94.91049194,,,,,
Belarus,BLR,"Literacy rate, adult female (% of females ages 15 and above)",SE.ADT.LITR.FE.ZS,,,,,,,,,,,,,,,,,,,,,,,,,,,,,,96.6282196,,,,,,,,,,99.41972351,,,,,,,,,,99.49398804,,,,,,,,,
Belize,BLZ,"Literacy rate, adult female (% of females ages 15 and above)",SE.ADT.LITR.FE.ZS,,,,,,,,,,,,,,,,,,,,,,,,,,,,,,,,70.32839203,,,,,,,,,,,,,,,,,,,,,,,,,,,
Bermuda,BMU,"Literacy rate, adult female (% of females ages 15 and above)",SE.ADT.LITR.FE.ZS,,,,,,,,,,,,,,,,,,,,,,,,,,,,,,,,,,,,,,,,,,,,,,,,,,,,,,,,,,,
Bolivia,BOL,"Literacy rate, adult female (% of females ages 15 and above)",SE.ADT.LITR.FE.ZS,,,,,,,,,,,,,,,,,51.37464905,,,,,,,,,,,,,,,,72.31321716,,,,,,,,,80.6543808,,,,,,85.98593903,86.83174896,86.82145691,,88.0802002,91.87326813,,,88.58286285,,,
Brazil,BRA,"Literacy rate, adult female (% of females ages 15 and above)",SE.ADT.LITR.FE.ZS,,,,,,,,,,,,,,,,,,,,,72.85314941,,,,,,,,,,,,,,,,,,,,86.50005341,,,,88.80612946,,89.85559082,90.22801208,90.21955109,90.41121674,90.68170166,91.63314819,91.62490082,91.76496124,92.06051636,92.34378815,,,
Barbados,BRB,"Literacy rate, adult female (% of females ages 15 and above)",SE.ADT.LITR.FE.ZS,,,,,,,,,,,99.2515564,,,,,,,,,,,,,,99.59999847,,,,,,,,,,99.59999847,,,,,,,,,,99.59999847,,,,,,,,,,99.59999847,,,,
Brunei Darussalam,BRN,"Literacy rate, adult female (% of females ages 15 and above)",SE.ADT.LITR.FE.ZS,,,,,,,,,,,,,,,,,,,,,,68.84182739,,,,,,,,,,82.46135712,,,,,,,,,,90.16155243,,,,,,,,,,94.65248108,,,,,,,
Bhutan,BTN,"Literacy rate, adult female (% of females ages 15 and above)",SE.ADT.LITR.FE.ZS,,,,,,,,,,,,,,,,,,,,,,,,,,,,,,,,,,,,,,,,,,,,,,38.68066025,,,,,,,48.0165596,,,,,,
Botswana,BWA,"Literacy rate, adult female (% of females ages 15 and above)",SE.ADT.LITR.FE.ZS,,,,,,,,,,,,,,,,,,,,,,,,,,,,,,,,71.29924011,,,,,,,,,,,,81.80795288,,,,,,,,,,,88.69999695,,,,
Central African Republic,CAF,"Literacy rate, adult female (% of females ages 15 and above)",SE.ADT.LITR.FE.ZS,,,,,,,,,,,,,,,,8.399580002,,,,,,,,,,,,,20.33687973,,,,,,,,,,,,35.29090118,,,,,,,,,,24.35548973,,,,,,,,
Canada,CAN,"Literacy rate, adult female (% of females ages 15 and above)",SE.ADT.LITR.FE.ZS,,,,,,,,,,,,,,,,,,,,,,,,,,,,,,,,,,,,,,,,,,,,,,,,,,,,,,,,,,,
Central Europe and the Baltics,CEB,"Literacy rate, adult female (% of females ages 15 and above)",SE.ADT.LITR.FE.ZS,,,,,,,,,,,,,,,,,,,,,,97.04937744,97.07842255,97.10569,97.15068817,97.18891907,97.22309113,97.27181244,97.39296722,97.49143219,97.59430695,97.6724472,97.75026703,97.81552887,,,,,,,,,,,,,,,,,,,,,,,,,
Switzerland,CHE,"Literacy rate, adult female (% of females ages 15 and above)",SE.ADT.LITR.FE.ZS,,,,,,,,,,,,,,,,,,,,,,,,,,,,,,,,,,,,,,,,,,,,,,,,,,,,,,,,,,,
Channel Islands,CHI,"Literacy rate, adult female (% of females ages 15 and above)",SE.ADT.LITR.FE.ZS,,,,,,,,,,,,,,,,,,,,,,,,,,,,,,,,,,,,,,,,,,,,,,,,,,,,,,,,,,,
Chile,CHL,"Literacy rate, adult female (% of females ages 15 and above)",SE.ADT.LITR.FE.ZS,,,,,,,,,,,,,,,,,,,,,,,90.80011749,,,,,,,,,,94.03671265,,,,,,,,,,95.64093018,,,,,,98.6955719,98.4912796,,96.53070831,,96.16175079,,96.74395752,,,
China,CHN,"Literacy rate, adult female (% of females ages 15 and above)",SE.ADT.LITR.FE.ZS,,,,,,,,,,,,,,,,,,,,,,,51.1368103,,,,,,,,68.07208252,,,,,,,,,,86.5266037,,,,,,,,,,92.71122742,,,,,,,,
Cote d'Ivoire,CIV,"Literacy rate, adult female (% of females ages 15 and above)",SE.ADT.LITR.FE.ZS,,,,,,,,,,,,,,,,,,,,,,,,,,,,,23.43378067,,,,,,,,,,28.47666931,,38.61450958,,,,,,,,,,,,30.46171951,,36.78424835,,,,
Cameroon,CMR,"Literacy rate, adult female (% of females ages 15 and above)",SE.ADT.LITR.FE.ZS,,,,,,,,,,,,,,,,,29.11613083,,,,,,,,,,,,,,,,,,,,,,,,58.7217598,,,,,,,63.02206039,,,64.79949951,,,,,,,,
"Congo, Dem. Rep.",COD,"Literacy rate, adult female (% of females ages 15 and above)",SE.ADT.LITR.FE.ZS,,,,,,,,,,,,,,,,,,,,,,,,,,,,,,,,,,,,,,,,,,54.06090164,,,,,,46.10425186,,,,,62.91864014,,,,66.49997711,,
"Congo, Rep.",COG,"Literacy rate, adult female (% of females ages 15 and above)",SE.ADT.LITR.FE.ZS,,,,,,,,,,,,,,,,,,,,,,,,,,,,,,,,,,,,,,,,,,,,,,,,,,,,72.87705994,,,,,,,
Colombia,COL,"Literacy rate, adult female (% of females ages 15 and above)",SE.ADT.LITR.FE.ZS,,,,,,,,,,,,,,,,,,,,,,,,,,,,,,,,,,91.14790344,,,91.31400299,,,,,,,,92.71463013,92.91124725,92.22059631,92.8456192,93.4353714,93.41513062,93.48679352,93.66712952,,,94.48465729,94.41581726,94.89022064,,
Comoros,COM,"Literacy rate, adult female (% of females ages 15 and above)",SE.ADT.LITR.FE.ZS,,,,,,,,,,,,,,,,,,,,,40.31761932,,,,,,,,,,,,,,,,,,,,63.45901871,,,,,,,,,,,,42.63729095,,,,,,
Cabo Verde,CPV,"Literacy rate, adult female (% of females ages 15 and above)",SE.ADT.LITR.FE.ZS,,,,,,,,,,,,,,,,,,,,,,,,,,,,,,,52.99861908,,,,,,,,,,,,,,81.45999908,,,,,,,,80.49622345,,,82.04222107,,,
Costa Rica,CRI,"Literacy rate, adult female (% of females ages 15 and above)",SE.ADT.LITR.FE.ZS,,,,,,,,,,,,,,,,,,,,,,,,,92.57713318,,,,,,,,,,,,,,,,95.08078766,,,,,,,,,,,97.50041199,,,,,,,
Caribbean small states,CSS,"Literacy rate, adult female (% of females ages 15 and above)",SE.ADT.LITR.FE.ZS,,,,,,,,,,,,,,,,,,,,,,,,,,,,,,,,,,88.94199371,88.99513245,89.26806641,89.50965881,89.75164032,89.99358368,89.80809784,90.49835968,90.73526764,90.94824219,91.1530838,91.36982727,91.55682373,91.73966217,92.32842255,92.52599335,92.69078064,,,,,,,,,
Cuba,CUB,"Literacy rate, adult female (% of females ages 15 and above)",SE.ADT.LITR.FE.ZS,,,,,,,,,,,,,,,,,,,,,,,,,,,,,,,,,,,,,,,,,,,99.79091644,,,,,,,,,,99.79988098,,,,,,
Curacao,CUW,"Literacy rate, adult female (% of females ages 15 and above)",SE.ADT.LITR.FE.ZS,,,,,,,,,,,,,,,,,,,,,,,,,,,,,,,,,,,,,,,,,,,,,,,,,,,,,,,,,,,
Cayman Islands,CYM,"Literacy rate, adult female (% of females ages 15 and above)",SE.ADT.LITR.FE.ZS,,,,,,,,,,,,,,,,,,,,,,,,,,,,,,,,,,,,,,,,,,,,,,,,99.02147675,,,,,,,,,,,
Cyprus,CYP,"Literacy rate, adult female (% of females ages 15 and above)",SE.ADT.LITR.FE.ZS,,,,,,,,,,,,,,,,,,,,,,,,,,,,,,,,,91.00177765,,,,,,,,,95.07965851,,,,,,,,,,98.1162262,,,,,,,
Czech Republic,CZE,"Literacy rate, adult female (% of females ages 15 and above)",SE.ADT.LITR.FE.ZS,,,,,,,,,,,,,,,,,,,,,,,,,,,,,,,,,,,,,,,,,,,,,,,,,,,,,,,,,,,
Germany,DEU,"Literacy rate, adult female (% of females ages 15 and above)",SE.ADT.LITR.FE.ZS,,,,,,,,,,,,,,,,,,,,,,,,,,,,,,,,,,,,,,,,,,,,,,,,,,,,,,,,,,,
Djibouti,DJI,"Literacy rate, adult female (% of females ages 15 and above)",SE.ADT.LITR.FE.ZS,,,,,,,,,,,,,,,,,,,,,,,,,,,,,,,,,,,,,,,,,,,,,,,,,,,,,,,,,,,
Dominica,DMA,"Literacy rate, adult female (% of females ages 15 and above)",SE.ADT.LITR.FE.ZS,,,,,,,,,,,,,,,,,,,,,,,,,,,,,,,,,,,,,,,,,,,,,,,,,,,,,,,,,,,
Denmark,DNK,"Literacy rate, adult female (% of females ages 15 and above)",SE.ADT.LITR.FE.ZS,,,,,,,,,,,,,,,,,,,,,,,,,,,,,,,,,,,,,,,,,,,,,,,,,,,,,,,,,,,
Dominican Republic,DOM,"Literacy rate, adult female (% of females ages 15 and above)",SE.ADT.LITR.FE.ZS,,,,,,,,,,,,,,,,,,,,,,72.53607941,,,,,,,,,,,,,,,,,,,,,87.17709351,,,,,88.27716827,,,89.69730377,90.22557068,90.22416687,91.25051117,92.147789,92.32106018,93.76412964,,
Algeria,DZA,"Literacy rate, adult female (% of females ages 15 and above)",SE.ADT.LITR.FE.ZS,,,,,,,,,,,,,,,,,,,,,,,,,,,,35.83992004,,,,,,,,,,,,,,,60.07508087,,,,63.91878891,,67.54875183,,,,,,,,,,
East Asia & Pacific (excluding high income),EAP,"Literacy rate, adult female (% of females ages 15 and above)",SE.ADT.LITR.FE.ZS,,,,,,,,,,,,,,,,,50.35374832,50.57386017,52.00460052,53.53424072,54.27177048,56.4262619,57.37454987,59.30796814,60.70820999,62.0479393,63.25168991,64.76122284,70.58862305,71.57598877,71.50911713,73.19297028,73.90480042,74.59719849,75.34249878,76.0806427,76.81330872,84.89260864,85.41986084,85.89454651,86.47573853,86.9389801,87.47122192,88.02420807,88.73941803,89.23140717,89.81970215,91.38323975,91.74336243,92.21444702,92.36171722,92.24384308,92.55235291,92.67822266,93.20381927,93.36968994,93.56639862,,
Early-demographic dividend,EAR,"Literacy rate, adult female (% of females ages 15 and above)",SE.ADT.LITR.FE.ZS,,,,,,,,,,,,,,,,37.15837097,37.5068512,38.22058105,38.97362137,39.67763138,39.78490829,40.9056015,41.9367981,42.72412872,43.74433136,44.53636932,45.35852051,46.33724976,46.73191071,47.55039978,48.66498184,49.37670898,50.37921143,51.17374039,52.15898895,53.14868927,54.06229019,54.87277985,57.75888062,58.56700897,59.42136002,60.0739212,60.7467308,61.79616165,62.73355865,61.55181122,63.23373032,63.99486923,65.01609039,66.1337738,68.19773102,68.11016083,69.73565674,70.36969757,71.35424042,71.95249176,72.66564941,,
East Asia & Pacific,EAS,"Literacy rate, adult female (% of females ages 15 and above)",SE.ADT.LITR.FE.ZS,,,,,,,,,,,,,,,,,57.18199158,57.30501175,58.46760178,59.71049881,60.26602936,62.05485916,62.79792023,64.39631653,65.5425415,66.64788055,67.64600372,68.92459869,73.98181152,74.81887054,74.78901672,76.25257874,76.85755157,77.44339752,78.0788269,78.72190094,79.35140228,86.44493103,86.90949249,87.32657623,87.83519745,88.2417984,88.70896912,89.19515991,89.8296814,90.26026154,90.77854919,92.16631317,92.4850235,92.90348053,93.03504944,92.93042755,93.20600891,93.31952667,93.78897095,93.93781281,94.11434937,,
Europe & Central Asia (excluding high income),ECA,"Literacy rate, adult female (% of females ages 15 and above)",SE.ADT.LITR.FE.ZS,,,,,,,,,,,,,,,,,,,,,,,,91.40444183,92.28243256,92.47022247,92.62174225,92.80457306,93.01943207,93.12288666,93.3707962,93.53147888,93.7196579,93.90242767,94.08289337,94.27049255,94.54593658,94.71988678,95.24471283,95.34541321,95.36212921,95.46839905,95.59394073,95.70462036,95.88552094,96.13495636,96.08899689,96.23934937,96.31326294,97.13372803,97.56463623,97.93379211,98.12745667,98.19782257,98.23735809,98.27967072,98.40129852,,
Europe & Central Asia,ECS,"Literacy rate, adult female (% of females ages 15 and above)",SE.ADT.LITR.FE.ZS,,,,,,,,,,,,,,,,,,,,,,,,,,,,95.11801147,95.40309906,95.478302,95.6414566,95.74417114,95.85630035,95.96800995,96.07785034,96.22267151,96.40525055,96.53778839,96.84307098,96.94190979,97.00126648,97.10076904,97.19226074,97.29032898,97.3957901,97.4997406,97.5280838,97.5940094,97.63706207,97.98980713,98.19815826,98.43038177,98.53955841,98.59316254,98.62377167,98.65670013,98.72943115,,
Ecuador,ECU,"Literacy rate, adult female (% of females ages 15 and above)",SE.ADT.LITR.FE.ZS,,,,,,,,,,,,,,,,,,,,,,,80.40522766,,,,,,,,86.19332886,,,,,,,,,,,89.69709015,,,,,,90.86557007,91.12256622,90.91754913,90.47010803,90.22081757,90.95168304,92.21807861,93.25386047,93.25662231,93.31452942,,
"Egypt, Arab Rep.",EGY,"Literacy rate, adult female (% of females ages 15 and above)",SE.ADT.LITR.FE.ZS,,,,,,,,,,,,,,,,,22.43800926,,,,,,,,,,31.39266968,,,,,,,,,,43.59531021,,,,,,,,,30.79796028,57.81190872,,,,63.51580811,,65.75666046,67.17986298,,,,65.50569153,
Euro area,EMU,"Literacy rate, adult female (% of females ages 15 and above)",SE.ADT.LITR.FE.ZS,,,,,,,,,,,,,,,,,,,,,,,,,,,,,96.59552002,96.67849731,96.76737976,96.85050964,96.9263916,97.00853729,97.08805084,97.22357941,97.36109161,97.48203278,97.64144897,97.75865936,97.87133789,97.98294067,98.05529785,98.16020203,98.20072937,98.18045044,98.30715942,98.30108643,98.31783295,98.2793808,98.31902313,98.49479675,98.55319977,98.61003113,98.6427002,98.67655182,98.7230835,,
Eritrea,ERI,"Literacy rate, adult female (% of females ages 15 and above)",SE.ADT.LITR.FE.ZS,,,,,,,,,,,,,,,,,,,,,,,,,,,,,,,,,,,,,,,,,,,40.22441864,,,,,,54.80107117,,,,,,,,,,
Spain,ESP,"Literacy rate, adult female (% of females ages 15 and above)",SE.ADT.LITR.FE.ZS,,,,,,,,,,,,,,,,,,,,,,89.93692017,,,,,,,,,,95.0510025,,,,,,,,,,,,,96.23088074,96.92514801,,97.26032257,96.88684082,96.92597198,97.00450134,97.06556702,97.21804047,97.4405365,97.48735046,97.54712677,97.69535828,,
Estonia,EST,"Literacy rate, adult female (% of females ages 15 and above)",SE.ADT.LITR.FE.ZS,,,,,,,,,,,,,,,,,,,,,,,,,,,,,,99.60147858,,,,,,,,,,,99.76006317,,,,,,,,,,,99.90947723,,,,,,,
Ethiopia,ETH,"Literacy rate, adult female (% of females ages 15 and above)",SE.ADT.LITR.FE.ZS,,,,,,,,,,,,,,,,,,,,,,,,,,,,,,,,,,,18.51498032,,,,,,,,,,22.79999924,17.97719955,,28.9216404,,,,,,,,,,,
European Union,EUU,"Literacy rate, adult female (% of females ages 15 and above)",SE.ADT.LITR.FE.ZS,,,,,,,,,,,,,,,,,,,,,,,,,,,,,97.09227753,97.16577911,97.24330902,97.31156921,,97.44072723,97.50602722,97.62325287,97.7396698,97.84687042,97.98336029,98.06030273,98.16004944,98.2579422,98.33067322,98.41998291,98.4691925,98.46375275,98.5545578,98.55745697,98.57917786,98.60845184,98.63986206,98.76104736,98.80419159,98.84626007,98.87213135,98.89868164,98.93312836,,
Fragile and conflict affected situations,FCS,"Literacy rate, adult female (% of females ages 15 and above)",SE.ADT.LITR.FE.ZS,,,,,,,,,,,,,,,,,,,,,,,,,,,,45.20384979,45.75864029,45.91122818,46.38602829,46.79909897,47.30693817,47.5278511,48.58407974,49.33972168,49.94466019,50.83747864,51.70043945,52.38412094,53.58184052,54.30104828,54.59793091,55.04552078,55.51884842,55.80437851,53.83523941,54.06811142,53.81269073,51.95911026,52.42943954,51.87321091,52.35852051,52.18611908,53.17359161,53.71908951,54.28536987,,
Finland,FIN,"Literacy rate, adult female (% of females ages 15 and above)",SE.ADT.LITR.FE.ZS,,,,,,,,,,,,,,,,,,,,,,,,,,,,,,,,,,,,,,,,,,,,,,,,,,,,,,,,,,,
Fiji,FJI,"Literacy rate, adult female (% of females ages 15 and above)",SE.ADT.LITR.FE.ZS,,,,,,,,,,,,,,,,,,,,,,,,,,,,,,,,,,,,,,,,,,,,,,,,,,,,,,,,,,,
France,FRA,"Literacy rate, adult female (% of females ages 15 and above)",SE.ADT.LITR.FE.ZS,,,,,,,,,,,,,,,,,,,,,,,,,,,,,,,,,,,,,,,,,,,,,,,,,,,,,,,,,,,
Faroe Islands,FRO,"Literacy rate, adult female (% of females ages 15 and above)",SE.ADT.LITR.FE.ZS,,,,,,,,,,,,,,,,,,,,,,,,,,,,,,,,,,,,,,,,,,,,,,,,,,,,,,,,,,,
"Micronesia, Fed. Sts.",FSM,"Literacy rate, adult female (% of females ages 15 and above)",SE.ADT.LITR.FE.ZS,,,,,,,,,,,,,,,,,,,,,,,,,,,,,,,,,,,,,,,,,,,,,,,,,,,,,,,,,,,
Gabon,GAB,"Literacy rate, adult female (% of females ages 15 and above)",SE.ADT.LITR.FE.ZS,,,,,,,,,,,,,,,,,,,,,,,,,,,,,,,,,,65.3263092,,,,,,,,,,,,,,,,,,,79.87896729,,,,,,
United Kingdom,GBR,"Literacy rate, adult female (% of females ages 15 and above)",SE.ADT.LITR.FE.ZS,,,,,,,,,,,,,,,,,,,,,,,,,,,,,,,,,,,,,,,,,,,,,,,,,,,,,,,,,,,
Georgia,GEO,"Literacy rate, adult female (% of females ages 15 and above)",SE.ADT.LITR.FE.ZS,,,,,,,,,,,,,,,,,,,,,,,,,,,,,,,,,,,,,,,,,,,99.55284882,,,,,,,,,,,,99.51457977,,,,
Ghana,GHA,"Literacy rate, adult female (% of females ages 15 and above)",SE.ADT.LITR.FE.ZS,,,,,,,,,,,,,,,,,,,,,,,,,,,,,,,,,,,,,,,,,49.79196167,,,,,,,,,,65.29469299,,,,,,,,
Gibraltar,GIB,"Literacy rate, adult female (% of females ages 15 and above)",SE.ADT.LITR.FE.ZS,,,,,,,,,,,,,,,,,,,,,,,,,,,,,,,,,,,,,,,,,,,,,,,,,,,,,,,,,,,
Guinea,GIN,"Literacy rate, adult female (% of females ages 15 and above)",SE.ADT.LITR.FE.ZS,,,,,,,,,,,,,,,,,,,,,,,,,,,,,,,,,,,,,9.743069649,,,,,,,18.23867989,,,,,,,12.19194984,,,,21.96228027,,,,
"Gambia, The",GMB,"Literacy rate, adult female (% of females ages 15 and above)",SE.ADT.LITR.FE.ZS,,,,,,,,,,,,,,,,,,,,,,,,,,,,,,,,,,,,,,,,,25.06155014,,,,,,,,,,,,,33.57535172,,,,,
Guinea-Bissau,GNB,"Literacy rate, adult female (% of females ages 15 and above)",SE.ADT.LITR.FE.ZS,,,,,,,,,,,,,,,,,,,,8.588259697,,,,,,,,,,,,,,,,,,,,,27.49420929,,,,,,,,,,,,,,30.76851082,,,,
Equatorial Guinea,GNQ,"Literacy rate, adult female (% of females ages 15 and above)",SE.ADT.LITR.FE.ZS,,,,,,,,,,,,,,,,,,,,,,,,,,,,,,,,,,,,,,,,,81.6230011,,,,,,,,,,,,,,92.40000153,,,,
Greece,GRC,"Literacy rate, adult female (% of females ages 15 and above)",SE.ADT.LITR.FE.ZS,,,,,,,,,,,,,,,,,,,,,,85.31999207,,,,,,,,,,89.353302,,,,,,,,,,94.2394104,,,,90.76541138,,91.81246948,,91.84761047,,96.50211334,,,,,,,
Grenada,GRD,"Literacy rate, adult female (% of females ages 15 and above)",SE.ADT.LITR.FE.ZS,,,,,,,,,,,97.58978271,,,,,,,,,,,,,,98.59999847,,,,,,,,,,98.59999847,,,,,,,,,,98.59999847,,,,,,,,,,98.59999847,,,,
Greenland,GRL,"Literacy rate, adult female (% of females ages 15 and above)",SE.ADT.LITR.FE.ZS,,,,,,,,,,,,,,,,,,,,,,,,,,,,,,,,,,,,,,,,,,,,,,,,,,,,,,,,,,,
Guatemala,GTM,"Literacy rate, adult female (% of females ages 15 and above)",SE.ADT.LITR.FE.ZS,,,,,,,,,,,,,,,,,,,,,,,,,,,,,,,,,,,57.29265976,,,,,,,,63.34138107,,,,,,,,,,72.42803955,72.12758636,76.37065887,,,,
Guam,GUM,"Literacy rate, adult female (% of females ages 15 and above)",SE.ADT.LITR.FE.ZS,,,,,,,,,,,,,,,,,,,,,96.46308136,,,,,,,,,,99.3085022,,,,,,,,,,,,,,,,,,,,,,,,,,,,
Guyana,GUY,"Literacy rate, adult female (% of females ages 15 and above)",SE.ADT.LITR.FE.ZS,,,,,,,,,,,,,,,,,,,,,,,,,,,,,,,,,,,,,,,,,,,,,,,,,,87.25198364,,,,,85.03460693,,,,
High income,HIC,"Literacy rate, adult female (% of females ages 15 and above)",SE.ADT.LITR.FE.ZS,,,,,,,,,,,,,,,,,,,,,,,,,,,,,,,,,,,,,,,,,,,,,,,,,,,,,,,,,,,
"Hong Kong SAR, China",HKG,"Literacy rate, adult female (% of females ages 15 and above)",SE.ADT.LITR.FE.ZS,,,,,,,,,,,,,,,,,,,,,,,,,,,,,,,,,,,,,,,,,,,,,,,,,,,,,,,,,,,
Honduras,HND,"Literacy rate, adult female (% of females ages 15 and above)",SE.ADT.LITR.FE.ZS,,,,,,,,,,,,,,,,,,,,,,,,,,,,,,,,,,,,,,,,,,80.22360229,,,,,,83.45276642,,,84.72502899,84.93026733,85.05148315,85.284729,87.02599335,87.89369965,88.93486023,,
Heavily indebted poor countries (HIPC),HPC,"Literacy rate, adult female (% of females ages 15 and above)",SE.ADT.LITR.FE.ZS,,,,,,,,,,,,,,,,,,,,,,,,,,,32.33073044,33.02590942,33.63636017,34.15203094,34.86124039,35.16112137,35.45537186,35.92821884,36.65427017,36.84132004,37.53348923,38.52782059,39.19388962,40.03030014,41.14741898,41.99060059,41.79957962,42.68627167,44.35773087,43.89982986,42.87477875,44.55368042,43.95637894,44.74745178,45.73273087,48.23862076,49.57801056,50.09254837,51.2506485,51.93003082,53.15018082,,
Croatia,HRV,"Literacy rate, adult female (% of females ages 15 and above)",SE.ADT.LITR.FE.ZS,,,,,,,,,,,,,,,,,,,,,,,,,,,,,,,,94.8172226,,,,,,,,,,97.08390045,,,,,,,,,,98.66590881,,,,,,,
Haiti,HTI,"Literacy rate, adult female (% of females ages 15 and above)",SE.ADT.LITR.FE.ZS,,,,,,,,,,,,,,,,,,,,,,,32.52495956,,,,,,,,,,,,,,,,,,,,,54.86146927,,,44.59944916,,,,,,,,,,,,
Hungary,HUN,"Literacy rate, adult female (% of females ages 15 and above)",SE.ADT.LITR.FE.ZS,,,,,,,,,,,,,,,,,,,,,98.45413208,,,,,,,,,,,,,,,,,,,,,,,,,,,,,,,,,,99.09999847,,,,
IBRD only,IBD,"Literacy rate, adult female (% of females ages 15 and above)",SE.ADT.LITR.FE.ZS,,,,,,,,,,,,,,,,51.93669891,52.04904938,52.31988907,53.17975998,54.01224899,54.55823898,55.61791992,56.38449097,57.50553894,58.50991058,59.3870697,60.27545929,61.22674942,64.06233978,64.80335999,65.2961731,66.33473969,67.03153229,67.64396667,68.26593781,68.92214966,69.60568237,73.76384735,75.31905365,75.82276917,76.39203644,76.8430481,77.39756012,78.17765045,78.80786133,78.2616806,79.18348694,80.25232697,80.75261688,81.33522034,82.42832947,82.97425079,83.34165192,83.63085938,84.15142059,84.54991913,84.92368317,,
IDA & IBRD total,IBT,"Literacy rate, adult female (% of females ages 15 and above)",SE.ADT.LITR.FE.ZS,,,,,,,,,,,,,,,,49.17451859,49.30096817,49.58100891,50.34363174,51.11148834,51.59801102,52.53345108,53.23904037,54.22536087,55.125,55.92039871,56.68471146,57.56386948,59.99161148,60.69063187,61.21360016,62.16444016,62.7717514,63.34579849,63.98638153,64.61631012,65.29280853,68.76480865,70.2399292,70.77420807,71.09237671,71.57025909,72.0591507,72.76506042,73.46372223,72.99324799,73.75834656,74.52916718,74.99098969,75.55130768,76.49385834,76.80529022,77.67719269,77.91584778,78.47709656,78.82012177,79.24788666,,
IDA total,IDA,"Literacy rate, adult female (% of females ages 15 and above)",SE.ADT.LITR.FE.ZS,,,,,,,,,,,,,,,,,,,,38.26367188,38.51560974,38.89717865,39.34402847,39.75815964,40.22845078,40.70716858,40.97851944,41.6080513,42.35009003,42.97925949,43.6688385,44.39060974,44.76906967,45.34132004,46.23234177,46.93915176,47.7129097,48.57020187,49.92269135,50.76969147,50.27462006,51.02352905,51.4131813,51.98662186,53.11051178,53.10533905,53.46538162,53.32947922,53.87168121,54.58782959,55.24161911,54.98089981,57.89978027,58.23638916,59.21152115,59.63925934,60.51198959,,
IDA blend,IDB,"Literacy rate, adult female (% of females ages 15 and above)",SE.ADT.LITR.FE.ZS,,,,,,,,,,,,,,,,,46.58388138,47.01081848,47.44501114,48.19081879,48.24898148,48.54177856,49.08041,49.45314026,49.84748077,50.25307846,50.18751907,50.92237854,51.64904022,52.43759918,53.1135788,54.46559906,54.77870178,55.4872818,56.26465988,57.04558182,57.90512848,58.67501068,59.80147171,60.51465988,57.5848999,58.07651901,58.74348068,58.76879883,59.56238174,60.28723907,61.85971832,60.95996094,61.00799179,61.84920883,62.38061905,62.81150055,63.51480103,63.45454025,64.51644897,64.38182831,65.01274872,,
Indonesia,IDN,"Literacy rate, adult female (% of females ages 15 and above)",SE.ADT.LITR.FE.ZS,,,,,,,,,,,,,,,,,,,,,57.69462967,,,,,,,,,,75.27011871,,,,,,,,,,,,,,86.79959106,,88.78697968,,89.10138702,89.67711639,,90.0687027,,,93.45089722,93.33570862,93.58692169,,
IDA only,IDX,"Literacy rate, adult female (% of females ages 15 and above)",SE.ADT.LITR.FE.ZS,,,,,,,,,,,,,,,,,,,,,,,,33.52011108,34.02933884,34.54803848,35.03232956,35.59383011,36.35007858,36.88562012,37.56587982,37.90182877,38.34741974,38.85972977,39.85078049,40.53697968,41.27344131,42.20203018,43.71215057,44.65840912,45.70196152,46.61930084,46.84560013,47.77056885,49.10968018,48.66368866,48.28873825,48.63962173,49.50209045,50.16012955,50.90832138,50.25656891,54.53239822,55.12625885,56.07033157,56.85055923,57.88454056,,
Isle of Man,IMN,"Literacy rate, adult female (% of females ages 15 and above)",SE.ADT.LITR.FE.ZS,,,,,,,,,,,,,,,,,,,,,,,,,,,,,,,,,,,,,,,,,,,,,,,,,,,,,,,,,,,
India,IND,"Literacy rate, adult female (% of females ages 15 and above)",SE.ADT.LITR.FE.ZS,,,,,,,,,,,,,,,,,,,,,,25.67625046,,,,,,,,,,33.72953033,,,,,,,,,,47.84209824,,,,,50.82376099,,,,,59.27732086,,,,,,,
Not classified,INX,"Literacy rate, adult female (% of females ages 15 and above)",SE.ADT.LITR.FE.ZS,,,,,,,,,,,,,,,,,,,,,,,,,,,,,,,,,,,,,,,,,,,,,,,,,,,,,,,,,,,
Ireland,IRL,"Literacy rate, adult female (% of females ages 15 and above)",SE.ADT.LITR.FE.ZS,,,,,,,,,,,,,,,,,,,,,,,,,,,,,,,,,,,,,,,,,,,,,,,,,,,,,,,,,,,
"Iran, Islamic Rep.",IRN,"Literacy rate, adult female (% of females ages 15 and above)",SE.ADT.LITR.FE.ZS,,,,,,,,,,,,,,,,,24.42308044,,,,,,,,,,41.03395081,,,,,56.15642166,,,,,66.06775665,,,,,,70.40000153,,,76.80264282,77.24002075,,77.69471741,,,,78.4162674,79.75583649,79.83934784,,80.78743744,,
Iraq,IRQ,"Literacy rate, adult female (% of females ages 15 and above)",SE.ADT.LITR.FE.ZS,,,,,,,,,,,,,,,,,,,,,,,,,,,,,,,,,,,,,,,,,64.16950226,,,,,,,,,,,,,37.95524979,,,,,
Iceland,ISL,"Literacy rate, adult female (% of females ages 15 and above)",SE.ADT.LITR.FE.ZS,,,,,,,,,,,,,,,,,,,,,,,,,,,,,,,,,,,,,,,,,,,,,,,,,,,,,,,,,,,
Israel,ISR,"Literacy rate, adult female (% of females ages 15 and above)",SE.ADT.LITR.FE.ZS,,,,,,,,,,,,,,,,,,,,,,,,88.67472076,,,,,,,,,,,,,,,,,,,,,,,,,,,,,,,,,,,
Italy,ITA,"Literacy rate, adult female (% of females ages 15 and above)",SE.ADT.LITR.FE.ZS,,,,,,,,,,,,,,,,,,,,,,95.53666687,,,,,,,,,,,,,,,,,,,,98.0421524,,,,,,,,,,98.57956696,,,,,,,
Jamaica,JAM,"Literacy rate, adult female (% of females ages 15 and above)",SE.ADT.LITR.FE.ZS,,,,,,,,,,,,,,,,,,,,,,,,,,,,,,,,,,,,,,,,85.87207794,,,,,,,,,,,,,,,92.69999695,,,,
Jordan,JOR,"Literacy rate, adult female (% of females ages 15 and above)",SE.ADT.LITR.FE.ZS,,,,,,,,,,,,,,,,,,,,52.11061096,,,,,,,,,,,,,,,,,,,,,,,,84.71392059,,87.0058136,,88.90331268,,,89.20774078,93.93345642,97.37200928,,,,,,
Japan,JPN,"Literacy rate, adult female (% of females ages 15 and above)",SE.ADT.LITR.FE.ZS,,,,,,,,,,,,,,,,,,,,,,,,,,,,,,,,,,,,,,,,,,,,,,,,,,,,,,,,,,,
Kazakhstan,KAZ,"Literacy rate, adult female (% of females ages 15 and above)",SE.ADT.LITR.FE.ZS,,,,,,,,,,,,,,,,,,,,,,,,,,,,,,96.13877106,,,,,,,,,,99.28990173,,,,,,,,,,99.68428802,99.73899078,,,,,,,,
Kenya,KEN,"Literacy rate, adult female (% of females ages 15 and above)",SE.ADT.LITR.FE.ZS,,,,,,,,,,,,,,,,,,,,,,,,,,,,,,,,,,,,,,,,,77.89298248,,,,,,,66.86312103,,,,,,,74.00631714,,,,
Kyrgyz Republic,KGZ,"Literacy rate, adult female (% of females ages 15 and above)",SE.ADT.LITR.FE.ZS,,,,,,,,,,,,,,,,,,,,,,,,,,,,,,,,,,,,,,,,98.13063049,,,,,,,,,,98.9812088,,,,,,,,,
Cambodia,KHM,"Literacy rate, adult female (% of females ages 15 and above)",SE.ADT.LITR.FE.ZS,,,,,,,,,,,,,,,,,,,,,,,,,,,,,,,,,,,,,,,56.99250031,,,,,,64.05098724,,,,70.85820007,65.93125153,,,,,71.78179932,75.03386688,,,
Kiribati,KIR,"Literacy rate, adult female (% of females ages 15 and above)",SE.ADT.LITR.FE.ZS,,,,,,,,,,,,,,,,,,,,,,,,,,,,,,,,,,,,,,,,,,,,,,,,,,,,,,,,,,,
St. Kitts and Nevis,KNA,"Literacy rate, adult female (% of females ages 15 and above)",SE.ADT.LITR.FE.ZS,,,,,,,,,,,,,,,,,,,,,,,,,,,,,,,,,,,,,,,,,,,,,,,,,,,,,,,,,,,
"Korea, Rep.",KOR,"Literacy rate, adult female (% of females ages 15 and above)",SE.ADT.LITR.FE.ZS,,,,,,,,,,,,,,,,,,,,,,,,,,,,,,,,,,,,,,,,,,,,,,,,,,,,,,,,,,,
Kuwait,KWT,"Literacy rate, adult female (% of females ages 15 and above)",SE.ADT.LITR.FE.ZS,,,,,,,,,,,,,,,,48.0152092,,,,,59.11050034,,,,,68.84937286,,,,,,,,,,74.14871979,,,,,,,,,,91.04250336,90.82862854,91.50348663,91.77864838,,92.68093872,,94.96524811,94.30116272,,94.470047,,94.82576752,94.905159
Latin America & Caribbean (excluding high income),LAC,"Literacy rate, adult female (% of females ages 15 and above)",SE.ADT.LITR.FE.ZS,,,,,,,,,,,,,,,75.17845154,75.18052673,75.63204956,76.17922974,76.7506485,77.27510834,77.842659,78.27710724,78.77947998,79.28353119,79.77812195,80.26132965,80.74372101,81.0219574,81.64909363,82.19496155,82.73101807,83.35302734,84.03199005,84.72427368,85.33699036,85.97952271,86.35912323,86.67778015,87.23435974,87.60035706,87.85363007,87.94656372,88.10839081,88.97566223,88.89363098,89.45742035,89.22068024,89.73628998,90.13153839,90.30888367,90.72947693,91.31446838,91.65895081,91.75730896,92.22831726,92.57769775,92.89112091,,
Lao PDR,LAO,"Literacy rate, adult female (% of females ages 15 and above)",SE.ADT.LITR.FE.ZS,,,,,,,,,,,,,,,,,,,,,,,,,,,,,,,,,,,,47.90235901,,,,,58.46070099,60.90251923,,,,63.22698975,,,,,,49.72307968,,,,79.39103699,,,
Lebanon,LBN,"Literacy rate, adult female (% of females ages 15 and above)",SE.ADT.LITR.FE.ZS,,,,,,,,,,,,,,,,,,,,,,,,,,,,,,,,,,,,,,,,,,,,,,,,85.96778107,,88.08705902,,,,,,,,,
Liberia,LBR,"Literacy rate, adult female (% of females ages 15 and above)",SE.ADT.LITR.FE.ZS,,,,,,,,,,,,,,,,,,,,,,,,,19.30278969,,,,,,,,,,,,,,,,,,,,,,,27.0349102,,,,,,,,,,,
Libya,LBY,"Literacy rate, adult female (% of females ages 15 and above)",SE.ADT.LITR.FE.ZS,,,,,,,,,,,,,,,,,,,,,,,,,42.31354904,,,,,,,,,,63.70000076,,,,,,,,,,77.80000305,,,,,,,,,,,,,,
St. Lucia,LCA,"Literacy rate, adult female (% of females ages 15 and above)",SE.ADT.LITR.FE.ZS,,,,,,,,,,,,,,,,,,,,,,,,,,,,,,,,,,,,,,,,,,,,,,,,,,,,,,,,,,,
Latin America & Caribbean,LCN,"Literacy rate, adult female (% of females ages 15 and above)",SE.ADT.LITR.FE.ZS,,,,,,,,,,,,,,,76.09153748,76.08708954,76.50843048,77.02017212,77.56758118,78.07054901,78.60962677,79.03211212,79.52179718,79.99638367,80.47054291,80.93363953,81.39595032,81.67327118,82.27018738,82.82076263,83.33963013,83.93041229,84.57803345,85.23594666,85.81983948,86.43222046,86.79605103,87.10236359,87.63406372,87.98313141,88.22750092,88.32019806,88.47937012,89.30127716,89.22839355,89.76879883,89.55278015,90.11741638,90.50016022,90.66314697,91.0308075,91.56051636,91.89650726,91.97142029,92.4286499,92.76516724,93.06703186,,
Least developed countries: UN classification,LDC,"Literacy rate, adult female (% of females ages 15 and above)",SE.ADT.LITR.FE.ZS,,,,,,,,,,,,,,,,,,,,,,29.33473015,29.72377014,30.18003082,30.71129036,31.24831009,31.74362946,32.32379913,33.08658981,33.67995834,34.38380051,34.73246002,35.20466995,35.75210953,36.83255005,37.71509171,38.4412384,39.38201904,40.94926834,41.94865036,42.78921127,43.80371094,43.93267822,44.87654877,46.29713058,46.33990097,45.83937073,46.09516907,46.86138916,47.87614059,48.4830513,47.68767929,52.36386108,52.9752388,53.91159821,54.6816597,55.78417969,,
Low income,LIC,"Literacy rate, adult female (% of females ages 15 and above)",SE.ADT.LITR.FE.ZS,,,,,,,,,,,,,,,,,,,,,,,,,,,33.64458847,34.33821869,35.00008011,35.42972183,36.1058197,36.50450897,36.82677841,37.16625977,37.87506104,38.24930954,38.7939415,39.65761948,40.12520981,40.75030136,41.40626144,42.40274811,41.79457092,42.5426712,44.1257515,43.59944916,43.3131485,44.7675705,43.78805161,45.10535049,45.47771835,48.08119965,49.4248085,49.87189865,50.92416,51.6257782,52.81499863,,
Liechtenstein,LIE,"Literacy rate, adult female (% of females ages 15 and above)",SE.ADT.LITR.FE.ZS,,,,,,,,,,,,,,,,,,,,,,,,,,,,,,,,,,,,,,,,,,,,,,,,,,,,,,,,,,,
Sri Lanka,LKA,"Literacy rate, adult female (% of females ages 15 and above)",SE.ADT.LITR.FE.ZS,,,,,,,,,,,,,,,,,,,,,,82.02197266,,,,,,,,,,,,,,,,,,,,89.13575745,,,,,89.09134674,,89.07347107,,89.9586792,,,,,,91.48610687,90.97074127,
Lower middle income,LMC,"Literacy rate, adult female (% of females ages 15 and above)",SE.ADT.LITR.FE.ZS,,,,,,,,,,,,,,,,38.36859894,38.56047821,39.1346817,39.74497986,40.42433929,40.30432892,41.30591965,42.19894028,42.77766037,43.41445923,44.05686951,44.64208984,45.60482025,45.83774948,46.63425827,47.48337173,48.2321701,49.01934814,49.73009872,50.59843826,51.43746948,52.34516144,53.13510895,56.10292816,56.92686081,57.19213867,57.84479141,58.86120987,59.71828079,60.56145096,59.21755981,60.90747833,61.14366913,62.19253159,62.95643997,65.11897278,65.12374878,66.86438751,67.47873688,68.48567963,69.03838348,69.75456238,,
Low & middle income,LMY,"Literacy rate, adult female (% of females ages 15 and above)",SE.ADT.LITR.FE.ZS,,,,,,,,,,,,,,,,48.63856888,48.77722168,49.07162094,49.85361862,50.64088821,51.14429855,52.1035881,52.82772064,53.83602905,54.75582886,55.57054901,56.35118103,57.24837112,59.70613098,60.41611099,60.9377594,61.90082932,62.51610947,63.09751892,63.74547958,64.38266754,65.06699371,68.56548309,70.05374146,70.59407806,70.9165802,71.39959717,71.89431,72.60745239,73.31211853,72.84082794,73.61209869,74.3822403,74.8477478,75.41496277,76.36872101,76.68769836,77.56642914,77.81056213,78.37605286,78.72280121,79.15442657,,
Lesotho,LSO,"Literacy rate, adult female (% of females ages 15 and above)",SE.ADT.LITR.FE.ZS,,,,,,,,,,,,,,,,,,,,,,,,,,,,,,,,,,,,,,,,,92.04644775,,,,,,,,,84.96395874,,,,,84.93489075,,,,
Late-demographic dividend,LTE,"Literacy rate, adult female (% of females ages 15 and above)",SE.ADT.LITR.FE.ZS,,,,,,,,,,,,,,,,,60.69073868,60.6912384,61.66270828,62.69351959,63.65499115,64.61235809,65.18344116,66.55722046,67.52320862,68.47634125,69.34101868,70.25382996,75.00286865,75.7575531,75.70726013,77.10545349,77.68412018,78.25003052,78.79361725,79.34185791,79.9315033,86.77503967,87.26264954,87.68393707,88.09214783,88.47409058,88.89382935,89.40000916,89.9520874,90.39408875,90.69235229,92.09420776,92.40833282,92.82019043,92.86650848,93.5304718,93.7539978,93.82494354,94.0622406,94.2930603,94.50537872,,
Lithuania,LTU,"Literacy rate, adult female (% of females ages 15 and above)",SE.ADT.LITR.FE.ZS,,,,,,,,,,,,,,,,,,,,,,,,,,,,,,97.78159332,,,,,,,,,,,,99.64794159,,,,,,,,,,99.83323669,,,,,,,
Luxembourg,LUX,"Literacy rate, adult female (% of females ages 15 and above)",SE.ADT.LITR.FE.ZS,,,,,,,,,,,,,,,,,,,,,,,,,,,,,,,,,,,,,,,,,,,,,,,,,,,,,,,,,,,
Latvia,LVA,"Literacy rate, adult female (% of females ages 15 and above)",SE.ADT.LITR.FE.ZS,,,,,,,,,,,,,,,,,,,,,,,,,,,,,,99.188797,,,,,,,,,,,99.70973206,,,,,,,,,,,99.90792084,,,,,,,
"Macao SAR, China",MAC,"Literacy rate, adult female (% of females ages 15 and above)",SE.ADT.LITR.FE.ZS,,,,,,,,,,,,,,,,,,,,,,86.21588135,,,,,,,,,,,,,,,,,,,,87.77497101,,,,,90.72358704,,,,,93.73191071,,,,,95.03256989,,
St. Martin (French part),MAF,"Literacy rate, adult female (% of females ages 15 and above)",SE.ADT.LITR.FE.ZS,,,,,,,,,,,,,,,,,,,,,,,,,,,,,,,,,,,,,,,,,,,,,,,,,,,,,,,,,,,
Morocco,MAR,"Literacy rate, adult female (% of females ages 15 and above)",SE.ADT.LITR.FE.ZS,,,,,,,,,,,,,,,,,,,,,,,17.51486969,,,,,,,,,,,,28.72542,,,,,,,,,,39.61956024,,,,42.58784866,43.92108154,,57.63999176,59.13063812,,,,,,
Monaco,MCO,"Literacy rate, adult female (% of females ages 15 and above)",SE.ADT.LITR.FE.ZS,,,,,,,,,,,,,,,,,,,,,,,,,,,,,,,,,,,,,,,,,,,,,,,,,,,,,,,,,,,
Moldova,MDA,"Literacy rate, adult female (% of females ages 15 and above)",SE.ADT.LITR.FE.ZS,,,,,,,,,,,,,,,,,,,,,,,,,,,,,,94.4444809,,,,,,,,,,,95.49230194,,,,,,,,,,,,98.92424774,,,,,,
Madagascar,MDG,"Literacy rate, adult female (% of females ages 15 and above)",SE.ADT.LITR.FE.ZS,,,,,,,,,,,,,,,,,,,,,,,,,,,,,,,,,,,,,,,,,65.27857208,,,,,,,,,61.64141083,,,68.28330231,,,,,,
Maldives,MDV,"Literacy rate, adult female (% of females ages 15 and above)",SE.ADT.LITR.FE.ZS,,,,,,,,,,,,,,,,,,82.17816162,,,,,,,,92.35900879,,,,,96.14601135,,,,,96.44297791,,,,,,,,,,,98.42984772,,,,,,,,98.69167328,,,,
Middle East & North Africa,MEA,"Literacy rate, adult female (% of females ages 15 and above)",SE.ADT.LITR.FE.ZS,,,,,,,,,,,,,,28.35124969,28.85907936,29.40481949,30.1799202,30.57394028,31.29653931,32.07717896,32.90060043,33.7469902,34.7134819,35.78707123,36.93264008,37.98814011,39.2827301,40.18606949,41.44272995,42.6844101,45.48371124,46.95148087,48.13975143,48.68967819,49.99348068,51.85737991,53.70895004,54.69596863,56.14910126,57.51110077,58.83346939,60.12303162,60.62524033,63.8128891,65.08783722,59.35158157,65.90190887,66.47235107,67.28407288,67.49822235,68.63619995,69.41557312,69.92336273,70.53462982,71.02755737,72.05870819,72.59493256,,
Mexico,MEX,"Literacy rate, adult female (% of females ages 15 and above)",SE.ADT.LITR.FE.ZS,,,,,,,,,,,,,,,,,,,,,79.89099884,,,,,,,,,,84.95590973,,,,,,,,,,88.68203735,,88.72863007,,89.63101959,90.21041107,89.8345108,91.35555267,91.45361328,92.11624908,91.85341644,92.33827972,93.17923737,92.90393829,93.59133911,93.48549652,93.96852112,,
Marshall Islands,MHL,"Literacy rate, adult female (% of females ages 15 and above)",SE.ADT.LITR.FE.ZS,,,,,,,,,,,,,,,,,,,,,,,,,,,,,,,,,,,,,,,,,,,,,,,,,,,,98.20298004,,,,,,,
Middle income,MIC,"Literacy rate, adult female (% of females ages 15 and above)",SE.ADT.LITR.FE.ZS,,,,,,,,,,,,,,,,50.04312897,50.17427063,50.47216034,51.2892189,52.11051178,52.6216507,53.60914993,54.34614182,55.38896179,56.32707977,57.15391159,57.95046997,58.86362076,61.45281982,62.18991852,62.69855118,63.71229172,64.35987854,64.9712677,65.62930298,66.30217743,67.00517273,70.71172333,72.29254913,72.84361267,73.15744019,73.61654663,74.21224976,74.9406662,75.59703064,75.15302277,76.0332489,76.77629852,77.39076233,77.93128204,78.97213745,79.13664246,80.0164566,80.28632355,80.85308838,81.2127533,81.61847687,,
North Macedonia,MKD,"Literacy rate, adult female (% of females ages 15 and above)",SE.ADT.LITR.FE.ZS,,,,,,,,,,,,,,,,,,,,,,,,,,,,,,,,,,,90.92801666,,,,,,,,94.05606842,,,,,,,,,,,,96.69999695,,,,
Mali,MLI,"Literacy rate, adult female (% of females ages 15 and above)",SE.ADT.LITR.FE.ZS,,,,,,,,,,,,,,,,,5.735280037,,,,,,,,,,,,,,,,,,,,,,11.89342976,,,,,15.89999962,,,18.19091034,,,,20.28792953,24.63678932,,,,22.19581032,,,
Malta,MLT,"Literacy rate, adult female (% of females ages 15 and above)",SE.ADT.LITR.FE.ZS,,,,,,,,,,,,,,,,,,,,,,,,,,87.28613281,,,,,,,,,,89.24263763,,,,,,,,,,93.50424957,,,,,,94.79003906,,,,,,,
Myanmar,MMR,"Literacy rate, adult female (% of females ages 15 and above)",SE.ADT.LITR.FE.ZS,,,,,,,,,,,,,,,,,,,,,,,,71.630867,,,,,,,,,,,,,,,,,86.41517639,,,,,,,,,,,,,,,,71.84699249,,
Middle East & North Africa (excluding high income),MNA,"Literacy rate, adult female (% of females ages 15 and above)",SE.ADT.LITR.FE.ZS,,,,,,,,,,,,,24.74858093,25.25035095,25.76646042,26.32667923,27.14518929,27.54314041,28.30558968,29.11136055,29.99387932,30.89171028,31.86179924,33.01649857,34.21685028,35.34167862,36.73041153,37.68712997,38.93793869,40.18001938,43.13911819,44.63309097,45.80017853,46.3660202,47.6919899,49.64693069,51.57139969,52.53989029,53.9865799,55.37363052,56.68732834,58.03630829,58.41770935,61.76956177,63.02294159,56.54701996,63.73445129,64.23497009,64.97183228,65.08831024,66.22886658,66.43560028,66.92491913,67.47927094,67.98761749,69.1341629,69.68805695,,
Montenegro,MNE,"Literacy rate, adult female (% of females ages 15 and above)",SE.ADT.LITR.FE.ZS,,,,,,,,,,,,,,,,,,,,,,83.23545837,,,,,,,,,,97.77604675,,,,,,,,,,,,96.31887054,,,,,,,,97.50051117,,,,,,,
Mongolia,MNG,"Literacy rate, adult female (% of females ages 15 and above)",SE.ADT.LITR.FE.ZS,,,,,,,,,,,,,,,,,,,,,,,,,,,,,,,,,,,,,,,,,97.52880096,,,,,,,,,,98.33663177,,,,,,,,
Northern Mariana Islands,MNP,"Literacy rate, adult female (% of females ages 15 and above)",SE.ADT.LITR.FE.ZS,,,,,,,,,,,,,,,,,,,,,,,,,,,,,,,,,,,,,,,,,,,,,,,,,,,,,,,,,,,
Mozambique,MOZ,"Literacy rate, adult female (% of females ages 15 and above)",SE.ADT.LITR.FE.ZS,,,,,,,,,,,,,,,,,,,,,12.09652996,,,,,,,,,,,,,,,,,24.96419907,,,,,,33.19395828,,,,,,36.45227814,,,,,,43.06246185,,,
Mauritania,MRT,"Literacy rate, adult female (% of females ages 15 and above)",SE.ADT.LITR.FE.ZS,,,,,,,,,,,,,,,,,,,,,,,,,,,,,,,,,,,,,,,,,43.4173584,,,,,,,35.34843063,,,,,,,,,,,
Mauritius,MUS,"Literacy rate, adult female (% of females ages 15 and above)",SE.ADT.LITR.FE.ZS,,,,,,,,,,,,,,,,,,,,,,,,,,,,,,,74.66088867,,,,,,,,,,80.50003052,,,,,,,,,,,86.65807343,88.97934723,89.05094147,90.28331757,90.65402222,90.98055267,,
Malawi,MWI,"Literacy rate, adult female (% of females ages 15 and above)",SE.ADT.LITR.FE.ZS,,,,,,,,,,,,,,,,,,,,,,,,,,,,33.5230217,,,,,,,,,,,53.9971199,,,,,,,,,,,,51.25196838,,,,55.13098907,55.20410919,,,
Malaysia,MYS,"Literacy rate, adult female (% of females ages 15 and above)",SE.ADT.LITR.FE.ZS,,,,,,,,,,,,,,,,,,,,,61.24850082,,,,,,,,,,,77.28308868,,,,,,,,,85.35421753,,,,,,,,,,90.74768066,,,,,,91.06835938,,
North America,NAC,"Literacy rate, adult female (% of females ages 15 and above)",SE.ADT.LITR.FE.ZS,,,,,,,,,,,,,,,,,,,,,,,,,,,,,,,,,,,,,,,,,,,,,,,,,,,,,,,,,,,
Namibia,NAM,"Literacy rate, adult female (% of females ages 15 and above)",SE.ADT.LITR.FE.ZS,,,,,,,,,,,,,,,,,,,,,,,,,,,,,,,,73.98660278,,,,,,,,,,83.54032135,,,,,,78.35098267,,,,87.95105743,,,,,,,
New Caledonia,NCL,"Literacy rate, adult female (% of females ages 15 and above)",SE.ADT.LITR.FE.ZS,,,,,,,,,,,,,,,,,90.31079102,,,,,,,,,,,,,92.07344055,,,,,,,95.46530151,,,,,,,,,,,,,,,,,,97.5,,,,
Niger,NER,"Literacy rate, adult female (% of females ages 15 and above)",SE.ADT.LITR.FE.ZS,,,,,,,,,,,,,,,,,,,,,,,,,,,,,,,,,,,,,,,,,,9.399350166,,,,15.08413982,,,,,,,22.55129051,,,,,,
Nigeria,NGA,"Literacy rate, adult female (% of females ages 15 and above)",SE.ADT.LITR.FE.ZS,,,,,,,,,,,,,,,,,,,,,,,,,,,,,,,,43.72919846,,,,,,,,,,,,43.32204819,,,,,41.38676071,,,,,,,,,,
Nicaragua,NIC,"Literacy rate, adult female (% of females ages 15 and above)",SE.ADT.LITR.FE.ZS,,,,,,,,,,,,,,,,,,,,,,,,,,,,,,,,,,,,,,,,,,76.60166168,,,,77.91603851,,,,,,,,,,,,,
Netherlands,NLD,"Literacy rate, adult female (% of females ages 15 and above)",SE.ADT.LITR.FE.ZS,,,,,,,,,,,,,,,,,,,,,,,,,,,,,,,,,,,,,,,,,,,,,,,,,,,,,,,,,,,
Norway,NOR,"Literacy rate, adult female (% of females ages 15 and above)",SE.ADT.LITR.FE.ZS,,,,,,,,,,,,,,,,,,,,,,,,,,,,,,,,,,,,,,,,,,,,,,,,,,,,,,,,,,,
Nepal,NPL,"Literacy rate, adult female (% of females ages 15 and above)",SE.ADT.LITR.FE.ZS,,,,,,,,,,,,,,,,,,,,,,9.153120041,,,,,,,,,,17.38179016,,,,,,,,,,34.88676071,,,,,,,,,,48.83758926,,,,,,,
Nauru,NRU,"Literacy rate, adult female (% of females ages 15 and above)",SE.ADT.LITR.FE.ZS,,,,,,,,,,,,,,,,,,,,,,,,,,,,,,,,,,,,,,,,,,,,,,,,,,,,,,,,,,,
New Zealand,NZL,"Literacy rate, adult female (% of females ages 15 and above)",SE.ADT.LITR.FE.ZS,,,,,,,,,,,,,,,,,,,,,,,,,,,,,,,,,,,,,,,,,,,,,,,,,,,,,,,,,,,
OECD members,OED,"Literacy rate, adult female (% of females ages 15 and above)",SE.ADT.LITR.FE.ZS,,,,,,,,,,,,,,,,,,,,,,,,,,,,,,,,,,,,,,,,,,,,,,,,,,,,,,,,,,,
Oman,OMN,"Literacy rate, adult female (% of females ages 15 and above)",SE.ADT.LITR.FE.ZS,,,,,,,,,,,,,,,,,,,,,,,,,,,,,,,,,,,,,,,,,,,,73.53170776,,,,,80.87226105,,81.80323029,,,,88.92669678,86.03720856,90.94416046,93.20980072,
Other small states,OSS,"Literacy rate, adult female (% of females ages 15 and above)",SE.ADT.LITR.FE.ZS,,,,,,,,,,,,,,,,,,,,,,,,67.48880768,67.62693787,67.74221039,67.99575043,68.35162354,69.19999695,69.67256927,70.21389771,70.66909027,71.10341644,71.78202057,71.85899353,72.25850677,72.91954803,73.51969147,74.30502319,74.92289734,74.97277832,75.47277832,76.25575256,76.96826935,77.41529083,77.98175812,77.72602081,76.91752625,78.13259125,77.39334106,77.7009964,78.29328918,78.83495331,79.30635834,79.6710434,80.15193939,80.44206238,,
Pakistan,PAK,"Literacy rate, adult female (% of females ages 15 and above)",SE.ADT.LITR.FE.ZS,,,,,,,,,,,,,,,,,,,,,,14.77155018,,,,,,,,,,,,,,,,,29.04384041,,,,,,,35.36751938,39.61323166,,40.08118057,40.31462097,41.01552963,41.97539139,43.07189178,41.97494125,44.28342056,,,,
Panama,PAN,"Literacy rate, adult female (% of females ages 15 and above)",SE.ADT.LITR.FE.ZS,,,,,,,,,,,,,,,,,,,,,88.04653168,,,,,,,,,,88.21485138,,,,,,,,,,91.24717712,,,,,,,,,,93.48526001,,,,,,,,
Peru,PER,"Literacy rate, adult female (% of females ages 15 and above)",SE.ADT.LITR.FE.ZS,,,,,,,,,,,,,,,,,,,,,,73.8583374,,,,,,,,,,,,81.65875244,,,,,,,,,,,82.06262207,82.45436859,83.45487213,84.6468811,,,,,90.66883087,,90.4491806,91.24652863,91.18852997,91.27012634,
Philippines,PHL,"Literacy rate, adult female (% of females ages 15 and above)",SE.ADT.LITR.FE.ZS,,,,,,,,,,,,,,,,,,,,,82.76215363,,,,,,,,,,93.18071747,,,,94.53865051,,,,,,92.65490723,,,93.56452942,,,,,95.82563019,,,,,96.78736115,,,,,
Palau,PLW,"Literacy rate, adult female (% of females ages 15 and above)",SE.ADT.LITR.FE.ZS,,,,,,,,,,,,,,,,,,,,,90.50324249,,,,,,,,,,,,,,,,,,,,,,,,,,,,,,,,,99.52793884,,96.34014893,,,
Papua New Guinea,PNG,"Literacy rate, adult female (% of females ages 15 and above)",SE.ADT.LITR.FE.ZS,,,,,,,,,,,,,,,,,,,,,,,,,,,,,,,,,,,,,,,,,50.91773987,,,,,,,,,,57.90000153,,,,,,,,
Poland,POL,"Literacy rate, adult female (% of females ages 15 and above)",SE.ADT.LITR.FE.ZS,,,,,,,,,,,,,,,,,,,98.25198364,,,,,,,,,,98.25198364,,,,,,,,,,98.25198364,,,,,,,,,,98.25198364,,,,,,,,,,
Pre-demographic dividend,PRE,"Literacy rate, adult female (% of females ages 15 and above)",SE.ADT.LITR.FE.ZS,,,,,,,,,,,,,,,,,,,,,,,,,,,35.93119812,36.77835846,37.58119965,38.30818176,39.13431168,40.15267181,40.10763168,40.7948494,41.50477982,42.10739136,43.02244949,44.18038177,44.86806107,45.84693146,44.05978012,45.03899002,45.81602859,46.58985138,47.63034821,47.29367065,46.68595886,45.67541885,45.17417145,44.81045914,45.43849945,47.67760849,48.89873886,49.2627182,50.36523819,51.15179825,52.2536087,,
Puerto Rico,PRI,"Literacy rate, adult female (% of females ages 15 and above)",SE.ADT.LITR.FE.ZS,,,,,,,,,,,,,,,,,,,,,85.8503418,,,,,,,,,,89.73095703,,,,,,,,,,,,,,,,,,,,92.53015137,,,,,,,92.39002228,
"Korea, Dem. People’s Rep.",PRK,"Literacy rate, adult female (% of females ages 15 and above)",SE.ADT.LITR.FE.ZS,,,,,,,,,,,,,,,,,,,,,,,,,,,,,,,,,,,,,,,,,,,,,,,,,99.997612,,,,,,,,,,
Portugal,PRT,"Literacy rate, adult female (% of females ages 15 and above)",SE.ADT.LITR.FE.ZS,,,,,,,,,,,,,,,,,,,,,,74.60798645,,,,,,,,,,84.65821075,,,,,,,,,,,,,,,,,,,,92.86077118,,,,,,,
Paraguay,PRY,"Literacy rate, adult female (% of females ages 15 and above)",SE.ADT.LITR.FE.ZS,,,,,,,,,,,,,,,,,,,,,,,75.85298157,,,,,,,,,,88.55870819,,,,,,,,,,,,,,,93.45326996,92.49443054,93.14401245,92.9257431,,93.58785248,94.46626282,93.73455048,94.87442017,93.83505249,,
West Bank and Gaza,PSE,"Literacy rate, adult female (% of females ages 15 and above)",SE.ADT.LITR.FE.ZS,,,,,,,,,,,,,,,,,,,,,,,,,,,,,,,,,,,,,,79.72662354,,,,,,,87.95173645,,89.75700378,90.46517944,90.09906006,91.70452881,92.17279816,92.61618042,93.56537628,94.126091,94.4072876,94.8537674,95.20790863,,
Pacific island small states,PSS,"Literacy rate, adult female (% of females ages 15 and above)",SE.ADT.LITR.FE.ZS,,,,,,,,,,,,,,,,,,,,,,,,,,,,,,,,,,,,,,,,,,,,,,,,,,,,,,,,,,,
Post-demographic dividend,PST,"Literacy rate, adult female (% of females ages 15 and above)",SE.ADT.LITR.FE.ZS,,,,,,,,,,,,,,,,,,,,,,,,,,,,,,,,,,,,,,,,,,,,,,,,,,,,,,,,,,,
French Polynesia,PYF,"Literacy rate, adult female (% of females ages 15 and above)",SE.ADT.LITR.FE.ZS,,,,,,,,,,,,,,,,,,,,,,,,,,,,,,,,,,,,,,,,,,,,,,,,,,,,,,,,,,,
Qatar,QAT,"Literacy rate, adult female (% of females ages 15 and above)",SE.ADT.LITR.FE.ZS,,,,,,,,,,,,,,,,,,,,,,,,,,,72.45894623,,,,,,,,,,,80.8886795,,,,,,,88.60922241,,,90.43611908,92.66381836,92.91017914,,,,91.72962952,92.45240021,,94.20703888,,
Romania,ROU,"Literacy rate, adult female (% of females ages 15 and above)",SE.ADT.LITR.FE.ZS,,,,,,,,,,,,,,,,,,,,,,,,,,,,,,,,,94.9826889,,,,,,,,,,96.26631927,,,,,,,,,98.20520782,,,,,,,
Russian Federation,RUS,"Literacy rate, adult female (% of females ages 15 and above)",SE.ADT.LITR.FE.ZS,,,,,,,,,,,,,,,,,,,,,,,,,,,,,,96.75817108,,,,,,,,,,,,,99.22836304,,,,,,,,99.64778137,,,,,,,,
Rwanda,RWA,"Literacy rate, adult female (% of females ages 15 and above)",SE.ADT.LITR.FE.ZS,,,,,,,,,,,,,,,,,,,26.57357979,,,,,,,,,,,,,,,,,,,,,,59.75033951,,,,,,,,,,61.54861069,,64.66448975,,66.13744354,,,,
South Asia,SAS,"Literacy rate, adult female (% of females ages 15 and above)",SE.ADT.LITR.FE.ZS,,,,,,,,,,,,,,,,21.37957001,21.38792038,22.12108994,22.86940956,23.62434959,24.36833,24.63278961,25.86055946,26.65247917,27.45446014,28.26753998,29.08983994,29.92373085,29.90999985,30.82191086,31.72509956,32.41873932,33.51739883,34.43904877,35.37538147,36.33734894,37.3198204,38.31122971,42.90164948,43.91793823,44.95370102,45.73593903,47.00508881,47.88183975,48.91672134,48.10847092,49.36352921,50.06605148,51.53187943,52.55712128,55.6006813,56.11128998,58.57923889,59.34724045,60.44464874,61.19332886,62.21453857,,
Saudi Arabia,SAU,"Literacy rate, adult female (% of females ages 15 and above)",SE.ADT.LITR.FE.ZS,,,,,,,,,,,,,,,,,,,,,,,,,,,,,,,,,57.27783966,,,,,,,,69.2911911,,,,76.3351593,,,,,,,,,91.36924744,,,,,
Sudan,SDN,"Literacy rate, adult female (% of females ages 15 and above)",SE.ADT.LITR.FE.ZS,,,,,,,,,,,,,,,,,,,,,,,,,,,,,,,,,,,,,,,,,52.14640045,,,,,,,,46.69963074,,,,,,,,,,
Senegal,SEN,"Literacy rate, adult female (% of females ages 15 and above)",SE.ADT.LITR.FE.ZS,,,,,,,,,,,,,,,,,,,,,,,,,,,,,17.86326981,,,,,,,,,,,,,,29.24733925,,,,32.98757935,,,38.66624832,,40.42491913,,33.59659958,,,,39.7985611,
Singapore,SGP,"Literacy rate, adult female (% of females ages 15 and above)",SE.ADT.LITR.FE.ZS,,,,,,,,,,,,,,,,,,,,,73.96853638,,,,,,,,,,83.02684784,,,,,,,,,,88.64517975,,,,,,,,,,93.77481079,94.06839752,94.35958862,94.64199066,94.91132355,95.19065094,95.44789124,,
Solomon Islands,SLB,"Literacy rate, adult female (% of females ages 15 and above)",SE.ADT.LITR.FE.ZS,,,,,,,,,,,,,,,,,,,,,,,,,,,,,,,,,,,,,,,,69,,,,,,,,,,,,,,,,,,,
Sierra Leone,SLE,"Literacy rate, adult female (% of females ages 15 and above)",SE.ADT.LITR.FE.ZS,,,,,,,,,,,,,,,,,,,,,,,,,,,,,,,,,,,,,,,,,,,,,24.15892982,,,,,,,,,24.85667992,,,,,
El Salvador,SLV,"Literacy rate, adult female (% of females ages 15 and above)",SE.ADT.LITR.FE.ZS,,,,,,,,,,,,,,,,,,,,,,,,,,,,,,,,,71.28053284,,,,,,,,,,,,,,81.00382233,79.66213226,81.35949707,81.81794739,82.30802155,83.01564026,,84.67034912,,86.21710205,86.32642365,86.67363739,
San Marino,SMR,"Literacy rate, adult female (% of females ages 15 and above)",SE.ADT.LITR.FE.ZS,,,,,,,,,,,,,,,,,,,,,,,,,,,,,,,,,,,,,,,,,,,,,,,,,,,,,,,,,,,
Somalia,SOM,"Literacy rate, adult female (% of females ages 15 and above)",SE.ADT.LITR.FE.ZS,,,,,,,,,,,,,,,,,,,,,,,,,,,,,,,,,,,,,,,,,,,,,,,,,,,,,,,,,,,
Serbia,SRB,"Literacy rate, adult female (% of females ages 15 and above)",SE.ADT.LITR.FE.ZS,,,,,,,,,,,,,,,,,,,,,,,,,,,,,,,,,,,,,,,,,,,,,,,,,,,,96.74910736,,,,,98.22827911,,
Sub-Saharan Africa (excluding high income),SSA,"Literacy rate, adult female (% of females ages 15 and above)",SE.ADT.LITR.FE.ZS,,,,,,,,,,,,,,,,,,,,,,,,,37.94802856,38.39590836,38.83855057,39.58177185,40.29190826,40.84389114,41.68029022,42.45375824,42.69533157,43.39289856,44.29109955,44.80028915,45.62216187,46.74420166,47.43706131,48.35810089,46.9798584,47.95363998,47.99757004,48.73733139,50.28113174,49.55487823,49.17475891,49.19998932,48.90008926,50.0700798,50.66344833,52.60921097,53.80805969,54.35451889,55.31425095,56.09804153,57.10427094,,
South Sudan,SSD,"Literacy rate, adult female (% of females ages 15 and above)",SE.ADT.LITR.FE.ZS,,,,,,,,,,,,,,,,,,,,,,,,,,,,,,,,,,,,,,,,,,,,,,,,,19.18638039,,,,,,,,,,
Sub-Saharan Africa,SSF,"Literacy rate, adult female (% of females ages 15 and above)",SE.ADT.LITR.FE.ZS,,,,,,,,,,,,,,,,,,,,,,,,,37.95643997,38.40423965,38.84669876,39.58966064,40.29959869,40.85139084,41.68775177,42.46118927,42.70273972,43.40026093,44.2983017,44.80752182,45.62926865,46.75112915,47.44388962,48.3647995,46.98683167,47.96055984,48.00453186,48.7442894,50.28787994,49.56174088,49.18161011,49.20674896,48.90676117,50.07648849,50.66965103,52.61507034,53.81367111,54.35997009,55.3194809,56.10308075,57.1090889,,
Small states,SST,"Literacy rate, adult female (% of females ages 15 and above)",SE.ADT.LITR.FE.ZS,,,,,,,,,,,,,,,,,,,,,,,,,,,73.96759033,74.16005707,74.70644379,74.99848938,75.37547302,75.65486908,75.93213654,76.38278961,76.41989899,76.73697662,77.23587799,77.69129181,78.27451324,78.63700867,78.81143951,79.20317841,79.78874207,80.32084656,80.66877747,81.09113312,80.92453003,80.45269775,81.33136749,80.80872345,81.00675964,81.40965271,81.73062134,81.97029877,82.22147369,82.57050323,82.77580261,,
Sao Tome and Principe,STP,"Literacy rate, adult female (% of females ages 15 and above)",SE.ADT.LITR.FE.ZS,,,,,,,,,,,,,,,,,,,,,,42.36338043,,,,,,,,,,61.92047882,,,,,,,,,,77.94922638,,,,,,,60.0830307,,,,85.4417038,,,,,,
Suriname,SUR,"Literacy rate, adult female (% of females ages 15 and above)",SE.ADT.LITR.FE.ZS,,,,,,,,,,,,,,,,,,,,,,,,,,,,,,,,,,,,,,,,,,,,,87.1974411,,,,93.76537323,,94.00354004,,90.99790955,,,,,,
Slovak Republic,SVK,"Literacy rate, adult female (% of females ages 15 and above)",SE.ADT.LITR.FE.ZS,,,,,,,,,,,,,,,,,,,,,,,,,,,,,,,,,,,,,,,,,,,,,,,,,,,,,,,,,,,
Slovenia,SVN,"Literacy rate, adult female (% of females ages 15 and above)",SE.ADT.LITR.FE.ZS,,,,,,,,,,,,,,,,,,,,,,,,,,,,,,,,99.45375061,,,,,,,,,,,,,99.59999847,,,,,,,,,,99.59999847,,,,
Sweden,SWE,"Literacy rate, adult female (% of females ages 15 and above)",SE.ADT.LITR.FE.ZS,,,,,,,,,,,,,,,,,,,,,,,,,,,,,,,,,,,,,,,,,,,,,,,,,,,,,,,,,,,
Eswatini,SWZ,"Literacy rate, adult female (% of females ages 15 and above)",SE.ADT.LITR.FE.ZS,,,,,,,,,,,,,,,,,53.6659584,,,,,,,,,,65.2228775,,,,,,,,,,,,,,80.32875061,,,,,,,,,,82.44754791,,,,,,,,
Sint Maarten (Dutch part),SXM,"Literacy rate, adult female (% of females ages 15 and above)",SE.ADT.LITR.FE.ZS,,,,,,,,,,,,,,,,,,,,,,,,,,,,,,,,,,,,,,,,,,,,,,,,,,,,,,,,,,,
Seychelles,SYC,"Literacy rate, adult female (% of females ages 15 and above)",SE.ADT.LITR.FE.ZS,,,,,,,,,,,,,,,,,,,,,,,,,,,,85.48930359,,,,,,,88.58660126,,,,,,,,92.2589798,,,,,,,,94.44898224,,,,,,,,
Syrian Arab Republic,SYR,"Literacy rate, adult female (% of females ages 15 and above)",SE.ADT.LITR.FE.ZS,,,,,,,,,,,,,,,,,,,,,,37.05915833,,,,,,,,,,,,,,,,,,,,,74.24044037,,73.6265564,,,,,,,,,,,,,,
Turks and Caicos Islands,TCA,"Literacy rate, adult female (% of females ages 15 and above)",SE.ADT.LITR.FE.ZS,,,,,,,,,,,,,,,,,,,,,,,,,,,,,,,,,,,,,,,,,,,,,,,,,,,,,,,,,,,
Chad,TCD,"Literacy rate, adult female (% of females ages 15 and above)",SE.ADT.LITR.FE.ZS,,,,,,,,,,,,,,,,,,,,,,,,,,,,,,,,,,4.591829777,,,,,,,12.7964201,,,,17.98057938,,,,,,,,,,,13.93340969,13.95522976,,
East Asia & Pacific (IDA & IBRD countries),TEA,"Literacy rate, adult female (% of females ages 15 and above)",SE.ADT.LITR.FE.ZS,,,,,,,,,,,,,,,,,49.61096954,49.83884811,51.29700089,52.85480881,53.60739136,55.79304123,56.75675964,58.72034073,60.14197159,61.50082016,62.72507095,64.256073,70.16564941,71.16681671,71.10044861,72.80748749,73.5313797,74.23683929,74.9952774,75.74507904,76.49089813,84.68340302,85.21827698,85.70011902,86.29042816,86.76100159,87.30177307,87.86360931,88.5895462,89.08892822,89.68560791,91.27014923,91.63523102,92.11264038,92.26190948,92.14248657,92.45501709,92.58248901,93.11492157,93.28288269,93.48216248,,
Europe & Central Asia (IDA & IBRD countries),TEC,"Literacy rate, adult female (% of females ages 15 and above)",SE.ADT.LITR.FE.ZS,,,,,,,,,,,,,,,,,,,,,,,,92.09259796,92.88523865,93.0586319,93.19870758,93.36982727,93.57008362,93.66442108,93.89076233,94.03859711,94.20953369,94.37606812,94.540802,94.7122879,94.96185303,95.12094879,95.60009766,95.69316101,95.71031189,95.80831146,95.92221832,96.02292633,96.18679047,96.41240692,96.37210846,96.50823975,96.58019257,97.31874847,97.70700073,98.03977966,98.2144165,98.27829742,98.31440735,98.35299683,98.46308136,,
Togo,TGO,"Literacy rate, adult female (% of females ages 15 and above)",SE.ADT.LITR.FE.ZS,,,,,,,,,,,,,,,,,,,,,,,,,,,,,,,,,,,,,,,,,38.45328903,,,,,,44.37662888,,,43.60689926,,47.97739029,,,,51.24177933,,,
Thailand,THA,"Literacy rate, adult female (% of females ages 15 and above)",SE.ADT.LITR.FE.ZS,,,,,,,,,,,,,,,,,,,,,83.89334869,,,,,,,,,,,,,,,,,,,,90.51602173,,,,,91.52957153,,,,,96.42704773,,,92.24916077,,91.19193268,,,
Tajikistan,TJK,"Literacy rate, adult female (% of females ages 15 and above)",SE.ADT.LITR.FE.ZS,,,,,,,,,,,,,,,,,,,,,,,,,,,,,,96.64179993,,,,,,,,,,,99.22122955,,,,,,,,,,,,,,99.69999695,,,,
Turkmenistan,TKM,"Literacy rate, adult female (% of females ages 15 and above)",SE.ADT.LITR.FE.ZS,,,,,,,,,,,,,,,,,,,,,,,,,,,,,,,,,,,,98.26177216,,,,,,,,,,,,,,,,,,,99.59999847,,,,
Latin America & the Caribbean (IDA & IBRD countries),TLA,"Literacy rate, adult female (% of females ages 15 and above)",SE.ADT.LITR.FE.ZS,,,,,,,,,,,,,,,75.18451691,75.18701935,75.63111877,76.1658783,76.73600769,77.26087189,77.8302002,78.26615906,78.78035736,79.28034973,79.77883911,80.26393127,80.74899292,81.03009796,81.65425873,82.23123932,82.76821899,83.38928986,84.06958771,84.76055145,85.37410736,86.01644135,86.39904022,86.72206879,87.27822113,87.64431,87.90120697,87.99945831,88.16594696,89.01715851,88.9431076,89.50308228,89.28117371,89.86585236,90.26223755,90.43353271,90.81610107,91.3608017,91.70697784,91.78572083,92.25717926,92.60420227,92.91539764,,
Timor-Leste,TLS,"Literacy rate, adult female (% of females ages 15 and above)",SE.ADT.LITR.FE.ZS,,,,,,,,,,,,,,,,,,,,,,,,,,,,,,,,,,,,,,,,,,30,,,,,,42.5,,,52.95899963,,,,,,,,
Middle East & North Africa (IDA & IBRD countries),TMN,"Literacy rate, adult female (% of females ages 15 and above)",SE.ADT.LITR.FE.ZS,,,,,,,,,,,,,24.34333038,24.84588051,25.36251068,25.9246006,26.74822998,27.14883995,27.91739082,28.72961998,29.61895943,30.52327919,31.50004005,32.66271973,33.87150955,35.00439835,36.40230942,37.36513901,38.62451935,39.87477112,42.85731125,44.36077118,45.5343895,46.09114075,47.41492081,49.37379074,51.30295181,52.28736115,53.7151413,55.10401917,56.42029953,57.77352905,58.13933182,61.51816177,62.78517151,56.23411179,63.48360062,63.97922134,64.72341156,64.82106018,65.96408081,66.16369629,66.64299011,67.19178009,67.69725037,68.84664154,69.39837646,,
Tonga,TON,"Literacy rate, adult female (% of females ages 15 and above)",SE.ADT.LITR.FE.ZS,,,,,,,,,,,,,,,,,99.52552795,,,,,,,,,,,,,,,,,,,,98.97554779,,,,,,,,,,99.0825119,,,,,99.43421936,,,,,,,
South Asia (IDA & IBRD),TSA,"Literacy rate, adult female (% of females ages 15 and above)",SE.ADT.LITR.FE.ZS,,,,,,,,,,,,,,,,21.37957001,21.38792038,22.12108994,22.86940956,23.62434959,24.36833,24.63278961,25.86055946,26.65247917,27.45446014,28.26753998,29.08983994,29.92373085,29.90999985,30.82191086,31.72509956,32.41873932,33.51739883,34.43904877,35.37538147,36.33734894,37.3198204,38.31122971,42.90164948,43.91793823,44.95370102,45.73593903,47.00508881,47.88183975,48.91672134,48.10847092,49.36352921,50.06605148,51.53187943,52.55712128,55.6006813,56.11128998,58.57923889,59.34724045,60.44464874,61.19332886,62.21453857,,
Sub-Saharan Africa (IDA & IBRD countries),TSS,"Literacy rate, adult female (% of females ages 15 and above)",SE.ADT.LITR.FE.ZS,,,,,,,,,,,,,,,,,,,,,,,,,37.95643997,38.40423965,38.84669876,39.58966064,40.29959869,40.85139084,41.68775177,42.46118927,42.70273972,43.40026093,44.2983017,44.80752182,45.62926865,46.75112915,47.44388962,48.3647995,46.98683167,47.96055984,48.00453186,48.7442894,50.28787994,49.56174088,49.18161011,49.20674896,48.90676117,50.07648849,50.66965103,52.61507034,53.81367111,54.35997009,55.3194809,56.10308075,57.1090889,,
Trinidad and Tobago,TTO,"Literacy rate, adult female (% of females ages 15 and above)",SE.ADT.LITR.FE.ZS,,,,,,,,,,,,,,,,,,,,,93.46417236,,,,,,,,,,95.66178894,,,,,,,,,,97.09999847,,,,,,,,,,98.30000305,,,,,,,,
Tunisia,TUN,"Literacy rate, adult female (% of females ages 15 and above)",SE.ADT.LITR.FE.ZS,,,,,,,,,,,,,,,,,,,,,,,,,35.7675705,,,,,,,,,,,,,,,,,,,,65.34786224,,,68.50937653,70.96417999,,71.08821106,71.729599,72.16065216,,72.22377014,,,,
Turkey,TUR,"Literacy rate, adult female (% of females ages 15 and above)",SE.ADT.LITR.FE.ZS,,,,,,,,,,,,,,,,45.09891891,,,,,49.80641174,,,,,64.23171997,,,,,68.51966095,,,,,,,,,,,,,,79.58168793,80.5489502,80.38516235,81.26383209,,85.34716034,88.07317352,90.31009674,91.60452271,92.13807678,92.40181732,92.64581299,93.56301117,,
Tuvalu,TUV,"Literacy rate, adult female (% of females ages 15 and above)",SE.ADT.LITR.FE.ZS,,,,,,,,,,,,,,,,,,,,,,,,,,,,,,,,,,,,,,,,,,,,,,,,,,,,,,,,,,,
Tanzania,TZA,"Literacy rate, adult female (% of females ages 15 and above)",SE.ADT.LITR.FE.ZS,,,,,,,,,,,,,,,,,,,,,,,,,,,,,48.08802032,,,,,,,,,,,,,,62.17232132,,,,,,,,60.7526207,,73.34718323,,,73.09382629,,,
Uganda,UGA,"Literacy rate, adult female (% of females ages 15 and above)",SE.ADT.LITR.FE.ZS,,,,,,,,,,,,,,,,,,,,,,,,,,,,,,,,44.82669067,,,,,,,,,,,58.90988159,,,,62.07897186,,,,64.59145355,,61.97042847,,,,,,
Ukraine,UKR,"Literacy rate, adult female (% of females ages 15 and above)",SE.ADT.LITR.FE.ZS,,,,,,,,,,,,,,,,,,,,,,,,,,,,,,,,,,,,,,,,,,99.17156982,,,,,,,,,,,99.95819855,,,,,,
Upper middle income,UMC,"Literacy rate, adult female (% of females ages 15 and above)",SE.ADT.LITR.FE.ZS,,,,,,,,,,,,,,,,,59.46517944,59.55141068,60.54582977,61.49140167,62.51747131,63.47755814,64.08252716,65.49479675,66.67460632,67.65395355,68.6266098,69.51611328,74.03170776,74.76909637,74.99981689,76.32553101,76.94706726,77.56635284,78.15471649,78.81073761,79.42111969,85.73303223,86.26876831,86.70973206,87.16734314,87.53450012,87.81912994,88.48375702,89.0279007,89.45838165,89.70285034,91.00119019,91.3227005,91.76983643,91.88748169,92.31607056,92.50704193,92.57711029,92.84863281,93.1472168,93.37567902,,
Uruguay,URY,"Literacy rate, adult female (% of females ages 15 and above)",SE.ADT.LITR.FE.ZS,,,,,,,,,,,,,,,,94.30451965,,,,,,,,,,95.88153839,,,,,,,,,,,97.27095795,,,,,,,,,,98.08435822,98.2419281,98.46366119,98.53372192,98.49095154,98.61907959,98.66055298,98.63642883,98.80905151,98.86746216,98.84915161,98.96391296,
United States,USA,"Literacy rate, adult female (% of females ages 15 and above)",SE.ADT.LITR.FE.ZS,,,,,,,,,,,,,,,,,,,,,,,,,,,,,,,,,,,,,,,,,,,,,,,,,,,,,,,,,,,
Uzbekistan,UZB,"Literacy rate, adult female (% of females ages 15 and above)",SE.ADT.LITR.FE.ZS,,,,,,,,,,,,,,,,,,,,,,,,,,,,,,,,,,,,,,,,,98.13858032,,,,,,,,,,,,,99.9958725,99.9759903,99.97576904,99.97840881,,
St. Vincent and the Grenadines,VCT,"Literacy rate, adult female (% of females ages 15 and above)",SE.ADT.LITR.FE.ZS,,,,,,,,,,,95.5,,,,,,,,,,,,,,,,,,,,,,,,,,,,,,,,,,,,,,,,,,,,,,,,
"Venezuela, RB",VEN,"Literacy rate, adult female (% of females ages 15 and above)",SE.ADT.LITR.FE.ZS,,,,,,,,,,,,,,,,,,,,,,83.00466156,,,,,,,,,89.00485229,,,,,,,,,,,92.71598053,,,,,,94.92964172,,95.35040283,,95.02887726,,,,96.56006622,97.21370697,,
British Virgin Islands,VGB,"Literacy rate, adult female (% of females ages 15 and above)",SE.ADT.LITR.FE.ZS,,,,,,,,,,,,,,,,,,,,,,,,,,,,,,,,,,,,,,,,,,,,,,,,,,,,,,,,,,,
Virgin Islands (U.S.),VIR,"Literacy rate, adult female (% of females ages 15 and above)",SE.ADT.LITR.FE.ZS,,,,,,,,,,,,,,,,,,,,,,,,,,,,,,,,,,,,,,,,,,,,,,,,,,,,,,,,,,,
Vietnam,VNM,"Literacy rate, adult female (% of females ages 15 and above)",SE.ADT.LITR.FE.ZS,,,,,,,,,,,,,,,,,,,,78.14038849,,,,,,,,,,82.82939148,,,,,,,,,,86.92008209,86.61010742,,,,,,,,,91.37908936,,,,,,,,,
Vanuatu,VUT,"Literacy rate, adult female (% of females ages 15 and above)",SE.ADT.LITR.FE.ZS,,,,,,,,,,,,,,,,,,,,47.78258896,,,,,53.70000076,,,,,,,,,,65.59999847,,,,,,,,,,76.19999695,,,,,,,,,,83.19999695,,,,
World,WLD,"Literacy rate, adult female (% of females ages 15 and above)",SE.ADT.LITR.FE.ZS,,,,,,,,,,,,,,,,,61.0379715,61.149189,61.62464142,62.10282898,62.36277008,62.9659996,63.39329147,64.03504181,64.61666107,65.12333679,65.6139679,66.20332336,68.04277039,68.50861359,69.04695892,69.73072052,70.14154053,70.52319336,70.96517944,71.42037964,71.90859222,74.6292572,75.77947235,76.17584991,76.39842224,76.75212097,77.115242,77.65762329,78.19473267,77.77256775,78.36676025,78.96324158,79.31416321,79.74304199,80.4910965,80.75708008,81.45046997,81.62854004,82.06664276,82.32531738,82.65818787,,
Samoa,WSM,"Literacy rate, adult female (% of females ages 15 and above)",SE.ADT.LITR.FE.ZS,,,,,,,,,,,,,,,,,,,,,,,,,,,,,,,,97.42173767,,,,,,,,,,,,,,,,,,,,99.06952667,,,,,,,
Kosovo,XKX,"Literacy rate, adult female (% of females ages 15 and above)",SE.ADT.LITR.FE.ZS,,,,,,,,,,,,,,,,,,,,,,,,,,,,,,,,,,,,,,,,,,,,,,,,,,,,,,,,,,,
"Yemen, Rep.",YEM,"Literacy rate, adult female (% of females ages 15 and above)",SE.ADT.LITR.FE.ZS,,,,,,,,,,,,,,,,,,,,,,,,,,,,,,,,,,,17.05956078,,,,,,,,,,35,,,,,,,,,,,,,,
South Africa,ZAF,"Literacy rate, adult female (% of females ages 15 and above)",SE.ADT.LITR.FE.ZS,,,,,,,,,,,,,,,,,,,,,74.80718994,,,,,,,,,,,,,,,,80.92862701,,,,,,,,,,,87.04309845,,91.76815796,91.71398926,92.04788971,92.58625031,,93.07305908,93.40802765,,,
Zambia,ZMB,"Literacy rate, adult female (% of females ages 15 and above)",SE.ADT.LITR.FE.ZS,,,,,,,,,,,,,,,,,,,,,,,,,,,,,,,57.35771942,,,,,,,,,59.80284882,,,61.83927917,,,,,51.78696823,,,77.74664307,,,,,,,,
Zimbabwe,ZWE,"Literacy rate, adult female (% of females ages 15 and above)",SE.ADT.LITR.FE.ZS,,,,,,,,,,,,,,,,,,,,,,,71.85392761,,,,,,,,,,78.51702118,,,,,,,,,,,,,,,,,,,80.06565857,,,88.28382874,,,,
